iso2,country_name,region,income_group,gdp_per_capita_usd,population,internet_users_pct,ipv4_addresses,announced_addresses,announcement_ratio,dark_addresses,announced_prefixes,origin_asns,overlap_ratio,asn_count,resid_ipv4,resid_announced,ofc,log_gdp_pc,log_pop,log_gdp_pc_sq,logit_ratio,resid_ratio,traces,raw_median_rtt,raw_reach,rtt_effect,reach_effect
US,United States,North America,High income,90026.5163005744,341784857,94.69380188,1606412960,1316319808,0.81941558041215,290093152,300655,22568,1.276,32115,0.7807026993799724,0.715162030987667,0,11.407859531480751,19.649692023977963,130.13925908999622,1.5123930123639029,-0.513787050262174,249830,132.534,0.7248609054156827,-0.8132610045713885,0.14718073011000382
CN,China,East Asia & Pacific,Upper middle income,13861.970224368,1406585000,91.6,342982400,278454528,0.8118624395887369,64527872,66324,736,1.492,6623,0.0410606432658795,-0.0080828219357265,0,9.536904414471584,21.064430617768817,90.9525458107676,1.4621575168567256,-1.1090708028257932,53847,258.791,0.89221312236522,0.3739024415360478,0.31460579147587076
DE,Germany,Europe & Central Asia,High income,60496.4350820414,83491249,93.49999579,126300800,116286208,0.9207084040639488,10014592,21225,2892,1.083,3233,0.1241161258085163,0.1671961684726497,0,11.010339718019052,18.24025238193372,121.22758070618788,2.4520112332421906,0.0968119470618309,22285,149.907,0.5990127888714382,-0.5054587230736394,0.02113234929080804
JP,Japan,East Asia & Pacific,High income,35951.0449549304,123366734,85.54153081,188691264,162363968,0.8604742188806367,26327296,12551,878,1.156,1298,0.7524401257603337,0.7349731001173758,0,10.489913429623293,18.63067205448656,110.03828376099112,1.8192342594984787,-0.7283252179813144,31619,193.87,0.813529839653373,-0.02579809920023013,0.23563768452920938
GB,United Kingdom,Europe & Central Asia,High income,57601.9621201954,69487000,95.4720993,139083776,108476928,0.7799394805041819,30606848,22482,2967,1.254,3095,0.462998754676466,0.3390970872437506,1,10.961311910690524,18.056650242679208,120.15035880344595,1.2653137304364648,-0.6076114194102724,20035,115.128,0.5914649363613677,-1.124225706310046,0.013788481544104513
IN,India,South Asia,Lower middle income,2702.47987141553,1463865525,70.0,41963776,33112576,0.7890752252609489,8851200,47105,3014,1.395,6249,-0.1565563756144925,-0.2211105051802313,0,7.901925101350762,21.10434639375845,62.44042030735725,1.3193601067530447,-1.0166607804146706,6234,212.3875,0.6530317613089509,0.046186408135952844,0.07455244420041743
FR,France,Europe & Central Asia,High income,48985.7307807924,68720337,88.65381638,81624912,73108480,0.8956638140081548,8516432,11039,1644,1.146,1866,0.1337698551284418,0.1493933274166003,0,10.799284326128062,18.04555573958634,116.62454195655522,2.1499468917136313,-0.3194849849448329,14242,146.244,0.6567195618592895,-0.3902253905083327,0.07901631391800794
RU,Russian Federation,Europe & Central Asia,High income,17546.609375,143513328,94.36495368,45185088,43215488,0.9564103980499054,1969600,39741,4592,1.514,5752,0.0239009502459488,0.1189132066827802,0,9.772616012223175,18.78193846689983,95.50402372236078,3.0883684730681247,0.3704274641628653,8347,187.555,0.7579968851084222,-0.0742337224570835,0.1805954603445958
IT,Italy,Europe & Central Asia,High income,43308.6403060733,58915656,89.2207202,54071424,51888896,0.9596362026640912,2182528,8670,1146,1.245,1311,0.022785430990087,0.107153578328635,0,10.676107439258994,17.891617419753153,113.97927005460124,3.1686209794041447,0.6351983682646507,9891,158.143,0.6555454453543625,-0.3843575119907773,0.07853810484574422
CA,Canada,North America,High income,55697.6639660837,41651653,94.353302,67832064,53885696,0.7943985900237386,13946368,39895,1903,1.489,2514,0.2983782488432922,0.1891023226257502,0,10.92769348546827,17.544851613664733,119.41448491234566,1.35164594641611,-1.0972532312752434,10490,170.14249999999998,0.6233555767397522,-0.11067754392048303,0.04594169171844309
BR,Brazil,Latin America & Caribbean ,Upper middle income,10713.2856869511,212812405,84.46347227,79643648,76453056,0.9599391529629582,3190592,63656,7837,1.538,9159,0.7818480099289182,0.8874727202700115,0,9.279239903222505,19.175921607905657,86.10429318155681,3.1764704258990175,0.4472741975431273,14724,225.7625,0.45843520782396086,0.051194372894312334,-0.11931119942997864
ES,Spain,Europe & Central Asia,High income,38627.2472148623,49355143,95.7574516,32091264,30678784,0.9559855292705204,1412480,15854,1276,1.294,1163,-0.185329408259939,-0.1052666472830914,0,10.561713192827696,17.71455253320608,111.5497855675506,3.0782243161260587,0.4865667375725619,5894,159.1395,0.5588734306073974,-0.25860789646434074,-0.02024555681335949
KR,"Korea, Rep.",East Asia & Pacific,High income,36226.9663637512,51684564,97.89563777,112497920,107276288,0.9535846351648102,5221632,21271,903,1.496,1179,1.0990065549746326,1.1774157807455978,0,10.497559047668775,17.760669726232784,110.19874595929257,3.0225976406209387,0.4110376346848055,20550,196.2425,0.7062773722627738,0.09114513052502282,0.12797656329182433
MX,Mexico,Latin America & Caribbean ,Upper middle income,13889.2339628708,131946900,83.12233799,28962816,23180032,0.8003376467260642,5782784,25287,436,1.631,791,-0.0587255137559488,-0.1407020001015198,0,9.538869283966276,18.697910126889994,90.9900272165953,1.388405990788521,-1.364129478554763,4512,184.23250000000002,0.6945921985815603,0.061421652835480706,0.11722811692678922
AU,Australia,East Asia & Pacific,High income,65129.7227990563,27614411,96.13140106,46093312,39737856,0.862117610468087,6355456,19270,1870,1.33,2990,0.1384063003972748,0.106500588958518,0,11.084136295413723,17.13384833210209,122.85807741530785,1.832990628397683,-0.5693870957772913,7605,271.069,0.7349112426035503,0.28738088142355644,0.15688301787784836
TR,Turkiye,Europe & Central Asia,Upper middle income,18599.4420922378,85878556,89.77024003,16819840,15718148,0.9345004470910544,1101692,12272,886,1.663,1094,-0.5184030480227868,-0.4510386928517427,0,9.830886864210454,18.268444716674203,96.64633653690564,2.657968788523312,-0.0899477744931647,3108,195.4625,0.609073359073359,0.03984817225581677,0.0312091148231965
ID,Indonesia,East Asia & Pacific,Upper middle income,5059.62596411213,285721236,72.78075544,19317760,11354624,0.5877816061489531,7963136,21654,2846,1.761,3974,-0.0385909347017907,-0.4153266116493697,0,8.52904783941334,19.47052719415517,72.74465704700138,0.354802169723469,-2.28412387504054,2173,203.776,0.7763460653474459,-0.036275138084856495,0.1990559521097364
NL,Netherlands,Europe & Central Asia,High income,73683.917132794,18087633,97.00679779,47900704,39131280,0.8169249454037252,8769424,13787,1651,1.204,1599,0.4546790030405567,0.3646554979095491,0,11.207539833641896,16.71073900303928,125.6089491226698,1.495651021383975,-0.8727755239527137,7495,149.705,0.5909272848565711,-0.5009772409803299,0.012837601557417627
SA,Saudi Arabia,"Middle East, North Africa, Afghanistan & Pakistan",High income,34536.6555456551,36973555,100.0,11237184,10510592,0.9353403842101368,726592,9905,177,1.904,200,-0.8118612216954482,-0.755018540200247,0,10.449776518571703,17.425713485337706,109.19782928809254,2.6717736800499337,0.0178192154451184,2117,189.458,0.43930089749645723,0.014498069260459323,-0.1373715444559563
CH,Switzerland,Europe & Central Asia,High income,114769.012314293,9092436,97.32103855,23259760,14843392,0.6381575734229415,8416368,4857,884,1.504,1063,-0.1044073239271554,-0.4502301298359441,1,11.650676798854754,16.022953417050292,135.73826987137244,0.567376401774205,-1.059646501351553,2807,148.687,0.7050231563947275,-0.5892937772038613,0.12672123516079872
PL,Poland,Europe & Central Asia,High income,28419.5777395638,36435861,88.58496367,20024328,18909440,0.9443233251073394,1114888,7603,2177,1.255,2459,0.012260500962455,0.0800664028513402,0,10.254833543678778,17.41106403993123,105.16161100855945,2.830907316834689,0.1142948654407356,3660,161.063,0.566120218579235,-0.49485279083546224,-0.010839326702449352
BE,Belgium,Europe & Central Asia,High income,60750.2735864647,11941781,95.77579144,12300160,9971456,0.8106769342837816,2328704,1765,336,1.351,384,-0.2588926828991909,-0.3583383296902056,0,11.014526864673554,16.295553817284176,121.31980205261544,1.4544147217734156,-1.0478192720349346,1862,156.301,0.6294307196562836,-0.3739979066582563,0.05163816307185384
IE,Ireland,Europe & Central Asia,High income,131592.462547877,5484367,97.18769836,10113088,7222016,0.7141256953365777,2891072,1646,242,1.341,291,-0.5927002182791554,-0.8310720456250724,1,11.787465020760992,15.517412239379945,138.94433161566394,0.915506770704302,-0.6547086577434141,1334,157.86149999999998,0.5014992503748126,-0.4117173158239923,-0.0768577000517667
AR,Argentina,Latin America & Caribbean ,Upper middle income,14898.0885943842,45851378,89.66715228,19432960,18692608,0.9619022526676329,740352,12565,1113,1.82,1344,0.5193217439830775,0.6124056746794082,0,9.608988201448584,17.640915810740747,92.33265425557808,3.228757681799639,0.4020023846707494,3516,258.77750000000003,0.5895904436860068,0.2408127699286844,0.011925241607049265
SE,Sweden,Europe & Central Asia,High income,63133.2126736715,10596620,95.76629783,31278368,26366720,0.8429698122357279,4911648,5817,825,1.062,865,0.7485875429763595,0.6869681957704081,0,11.053002259876294,16.17604564030858,122.16885895683046,1.6804930818201904,-0.8114122066336962,5127,167.248,0.7758923346986542,-0.3458153054872477,0.19901622585786752
IL,Israel,"Middle East, North Africa, Afghanistan & Pakistan",High income,60336.8477964194,10122800,88.18242225,8035200,7139328,0.8885065710872162,895872,4382,387,1.636,376,-0.5107664467588737,-0.5197797111123705,0,11.007698270652725,16.13030086339668,121.169421217731,2.0755763876302074,-0.442746496832648,1436,168.34750000000003,0.4777158774373259,-0.19958979201958416,-0.09710546697156633
SG,Singapore,East Asia & Pacific,High income,98813.9788172877,6111175,94.37757178,27818496,16568576,0.5955956785010951,11249920,9960,631,1.534,721,0.6510940206610698,0.2343054710604732,1,11.500994359732694,15.625629620351331,132.27287126260325,0.3871468717885487,-1.36892106968684,3261,193.773,0.3695185525912297,-0.17312554077569392,-0.20571542639651128
AT,Austria,Europe & Central Asia,High income,62930.0351324599,9208163,91.92573373,11133536,10490880,0.9422774579432804,642656,3358,723,1.218,761,-0.1396447040673045,-0.0909694224081079,0,11.049778834799227,16.03560093122544,122.09761229797697,2.7926519984360465,0.2883275229528306,2044,162.435,0.7397260273972602,-0.33253175973356786,0.16285250467347806
TH,Thailand,East Asia & Pacific,Upper middle income,8056.56359761558,71619863,90.86718789,9332224,8513280,0.9122455697591484,818944,11208,481,2.375,621,0.0690807032627365,0.1174436981708204,0,8.994242391933385,18.086883009659232,80.89639620485158,2.341366870769002,-0.4642111162771973,1690,222.1245,0.9071005917159763,0.1314315870800506,0.3302619043188836
NO,Norway,Europe & Central Asia,High income,94594.1929573987,5610870,99.0,15616528,14386176,0.921214754009342,1230352,1728,308,1.128,402,0.2112868589081884,0.2303012388484902,0,11.457351367927476,15.540216345689089,131.2709003681496,2.458967438182077,0.148255272207558,2798,162.2955,0.6604717655468192,-0.3508108681863966,0.08164715560516159
VN,Viet Nam,East Asia & Pacific,Upper middle income,5065.99091899299,101598527,84.15,16495360,16146688,0.9788624194925118,348672,16924,529,2.73,1057,0.8393187963447648,0.964516930354664,0,8.530305038020138,18.43653959497206,72.76610404167175,3.8353385780132943,1.1168748470950494,3115,228.281,0.8510433386837881,0.038894428342583776,0.27387573865022385
PH,Philippines,East Asia & Pacific,Upper middle income,4170.72347271451,116786962,67.26300914,6265664,5864448,0.9359659247607276,401216,5543,489,1.733,664,-0.0373199686330707,0.0456724792998048,0,8.335844794400147,18.575861995415348,69.48630843632803,2.682163703359669,0.0176005714261733,1119,231.063,0.8570151921358355,0.1480180944512745,0.2812691312493767
MY,Malaysia,East Asia & Pacific,Upper middle income,13124.5554178269,35977838,98.0206059,6701312,5893376,0.8794361462352447,807936,2975,283,2.417,406,-0.1514049694061103,-0.148862627293786,0,9.482240213958649,17.39841369574295,89.91287947521457,1.9871014398531317,-0.8696028285411983,1148,187.602,0.28397212543554007,-0.23954524314033815,-0.29395216022619264
DK,Denmark,Europe & Central Asia,High income,76970.1535217919,6009169,99.76915157,12030048,11474944,0.9538568757165392,555104,1774,382,1.008,475,0.1266199773095202,0.182598878639375,0,11.251173009092984,15.608797027400525,126.58889408054247,3.0287656711635496,0.6003339750676671,2175,156.454,0.4675862068965517,-0.5024989294689954,-0.11033125133128738
CO,Colombia,Latin America & Caribbean ,Upper middle income,8561.62091854449,53425635,79.34543299,17518080,16618240,0.9486336402162794,899840,9722,281,1.28,595,0.920607164317662,1.0053159341753428,0,9.05504481085256,17.793801244920093,81.99383652654788,2.916039196549588,0.0845541143713286,3268,202.0915,0.4094247246022032,0.2330418713648219,-0.16739546074903258
BD,Bangladesh,South Asia,Lower middle income,2597.34352335275,175686899,53.42171316,2081344,1943808,0.9339196211678608,137536,7906,1564,1.626,1998,-0.9861594535499556,-0.8984677589065857,0,7.862244479908661,18.9842139857785,61.81488826185421,2.6485185136906138,0.1648594121031514,399,221.404,0.6716791979949874,0.17660253983760693,0.09045011779249687
RO,Romania,Europe & Central Asia,High income,22537.9532108047,19020271,91.29048551,7832448,7099136,0.90637512052426,733312,6575,1049,1.193,1084,0.0013542166232909,0.0248651683533474,0,10.022955976496505,16.761015863139846,100.459646506787,2.270157106137656,-0.5556291329569323,1342,167.8435,0.45678092399403875,-0.3392603052931616,-0.12551374686905745
HK,"Hong Kong SAR, China",East Asia & Pacific,High income,56983.0663059906,7498900,95.75536971,15836736,14315904,0.9039680903943844,1520832,15042,1097,1.874,1356,0.5367169601658084,0.5430534775174749,1,10.950509420327942,15.830266901083265,119.913656564691,2.2421135335697713,0.1932187495427002,2687,193.122,0.653516933382955,-0.28389897714882995,0.07395135363063304
ZA,South Africa,Sub-Saharan Africa ,Upper middle income,6597.71450918774,64747319,78.35759735,27176192,22896896,0.8425351130872198,4279296,11119,854,1.661,864,1.4765917535474191,1.446228723939079,0,8.7944785815568,17.98600285228129,77.34285352146132,1.677212845438402,-1.1175319347620103,4478,214.589,0.6703885663242519,-0.06599152558963214,0.09307183951260853
PK,Pakistan,"Middle East, North Africa, Afghanistan & Pakistan",Lower middle income,1595.90912252837,255219554,57.253,5525248,5182464,0.9379604318213408,342784,5941,340,1.891,459,0.1944117439021937,0.2931402145533823,0,7.375198835616869,19.357634728756626,54.39355786488442,2.715935386642795,0.4803132834214079,1006,196.583,0.3687872763419483,0.12100747543831214,-0.20708438488177874
CZ,Czechia,Europe & Central Asia,High income,35917.2724081665,10886878,87.68776014,9558976,9105920,0.952604128308304,453056,4627,1316,1.337,716,0.2064226504013042,0.2716801991377817,0,10.488973584348239,16.203068768774994,110.01856685315514,3.0006642922881985,0.266608950964923,1792,170.2145,0.5708705357142857,-0.320712646518663,-0.0064869099835872315
EG,"Egypt, Arab Rep.","Middle East, North Africa, Afghanistan & Pakistan",Lower middle income,3085.80712036204,118365995,74.64839935,24152832,23780096,0.9845676068131471,372736,10045,73,2.32,95,1.6566138214279924,1.7926836032341082,0,8.034568529466902,18.58929203477121,64.55429145469995,4.1557338129884505,1.5800850066931016,4509,185.01,0.5843867819915725,0.0032307152036236686,0.005297087697257161
IR,"Iran, Islamic Rep.","Middle East, North Africa, Afghanistan & Pakistan",Upper middle income,3924.38017821898,92417681,85.3404007,10831872,10100736,0.932501418037436,731136,8456,639,1.839,853,0.8172444247573356,0.8951715474098272,0,8.274963701369074,18.34182887112015,68.47502425897578,2.625764082504593,-0.0410375654598755,1855,211.711,0.07708894878706199,0.01572420232804872,-0.4958953808548269
CL,Chile,Latin America & Caribbean ,High income,17994.5911957485,19859921,95.590243,9778944,8539680,0.8732722060786932,1239264,4551,327,1.407,450,0.4475557778318286,0.4359539509727899,0,9.797826502597315,16.804214238728473,95.99740417499834,1.9302058813621663,-0.9354477930992692,1609,256.812,0.5941578620261032,0.34236037430497135,0.017966633896698257
PT,Portugal,Europe & Central Asia,High income,32081.8106150292,10804871,88.48704454,6691872,6649600,0.9936830829997944,42272,891,130,1.285,163,-0.0083534997201919,0.0999441678923389,0,10.376044501005856,16.195507608934687,107.66229948685384,5.058187053124935,2.2853668703779126,1330,159.832,0.5864661654135338,-0.20134176860949432,0.00502812587056705
PE,Peru,Latin America & Caribbean ,Upper middle income,9684.41170314988,34576665,81.95705992,3250176,3170304,0.9754253308128544,79872,3270,122,1.779,264,-0.4738568430913261,-0.3656630166310126,0,9.178272830903737,17.358689590537836,84.2406921585057,3.6811574080200256,0.8125279576777351,619,218.617,0.12439418416801293,0.27460350533204186,-0.4547650672366659
FI,Finland,Europe & Central Asia,High income,56148.580949046,5646436,93.72405196,13925696,12728832,0.9140535596928152,1196864,1536,310,1.007,365,0.7103095891463838,0.7256357291124207,0,10.935756687345828,15.546535107626655,119.590774324829,2.364164853848266,-0.2341225563638485,2515,178.201,0.6787276341948311,-0.26473280019868706,0.10017113320254008
KZ,Kazakhstan,Europe & Central Asia,Upper middle income,14692.1331757237,20843754,93.39167254,3352320,3123456,0.931729667812142,228864,6767,193,2.099,257,-0.4305359727471085,-0.3753833029391344,0,9.595067471404581,16.8525648929842,92.0653197808063,2.613567419401819,-0.2751102585425871,603,224.334,0.9237147595356551,0.24607612258836659,0.3443056296482725
NG,Nigeria,Sub-Saharan Africa ,Lower middle income,1224.25410237743,237527782,41.21139908,3208192,2397696,0.7473667411426748,810496,3028,244,1.349,300,0.0379704457966152,-0.0889482535656451,0,7.110087041507938,19.285795151439817,50.5533377378191,1.0846171493025296,-1.0091451434698615,459,230.169,0.4357298474945534,0.1512168673802069,-0.14227900442243868
DZ,Algeria,"Middle East, North Africa, Afghanistan & Pakistan",Upper middle income,6051.00322704182,47435312,77.4178009,4767232,4756736,0.9977983030823756,10496,984,13,1.892,15,0.1509644309959377,0.2879766813151736,0,8.707979359929372,17.67487748820922,75.82890453295595,6.11632276552841,3.3092295770182028,935,166.543,0.18609625668449198,-0.2328729253051704,-0.39021391127831984
GR,Greece,Europe & Central Asia,High income,26948.0070432791,10413962,86.26968886,5721728,5640192,0.98574975951321,81536,1876,249,1.829,260,0.079257305842324,0.1806102457631695,0,10.201664623446076,16.158657963764195,104.07396108927117,4.236628745956216,1.409039947731904,1096,182.62,0.7052919708029197,-0.0789546756015593,0.12868621960426196
NZ,New Zealand,East Asia & Pacific,High income,49591.0405731713,5324700,93.51930237,6531072,4846336,0.7420429601756037,1684736,3106,463,1.104,719,0.1596148566424204,-0.0330319844443245,0,10.811565462791387,15.487866929944548,116.88994775622356,1.056614080553791,-1.6035203851424358,940,250.526,0.6457446808510638,0.12537216427545816,0.06792053226549391
IQ,Iraq,"Middle East, North Africa, Afghanistan & Pakistan",Upper middle income,5409.67899716967,47020774,81.47450256,447040,382464,0.8555476020042949,64576,1287,158,1.339,204,-2.0739410814698207,-2.0899335307296187,0,8.595945034991345,17.66610006202111,73.89027104459237,1.7787917064590442,-1.0109491638195958,69,214.177,0.15942028985507245,0.14397646625203764,-0.42659228516538317
HU,Hungary,Europe & Central Asia,High income,25907.4743259406,9514251,93.77898628,5926400,5762304,0.9723110151187904,164096,1735,331,1.166,301,0.2518574657091719,0.3390834574304158,0,10.162286790068423,16.068301337799998,103.27207280359916,3.5586410512931637,0.7135731801469096,1063,171.0,0.6810912511759172,-0.1370263369272459,0.10142726056481007
QA,Qatar,"Middle East, North Africa, Afghanistan & Pakistan",High income,72524.9066385222,2972215,98.08540344,847744,839168,0.9898837384870904,8576,333,19,1.328,30,-1.748990250755556,-1.6609830887431567,0,11.191685321688151,14.904818024060576,125.25382033969002,4.583443320472754,2.067758478794699,147,163.449,0.8027210884353742,0.03773345261292366,0.2302942256563787
UA,Ukraine,Europe & Central Asia,Upper middle income,5865.884765625,38980376,82.47489929,9090560,8203520,0.9024218529991552,887040,11256,1867,1.438,2015,1.030312041598993,1.0655611412153512,0,8.676908604889105,17.47856889796946,75.2887429375986,2.224428532314324,-0.5930722496594143,1590,174.1245,0.5591194968553459,-0.181604418520867,-0.020067331815343176
MA,Morocco,"Middle East, North Africa, Afghanistan & Pakistan",Lower middle income,4672.46826171875,38430770,91.2,12274176,12256256,0.9985400241938848,17920,2442,32,2.51,38,1.6151801247873845,1.753303546410926,0,8.449442746737093,17.464368998770173,71.39308273038807,6.527874371943889,3.751542288127681,2371,175.916,0.6191480388021932,-0.06973319786547841,0.04170935791301989
KW,Kuwait,"Middle East, North Africa, Afghanistan & Pakistan",High income,32312.3119953634,4865298,100.0,1907456,1684480,0.8831029392027916,222976,2190,82,2.395,84,-0.4715224320890261,-0.4875012848799738,0,10.383203612908547,15.397638525580362,107.8109172671171,2.0221480474668603,-0.8095428690170192,303,199.533,0.3432343234323432,0.10887248973335972,-0.23374278712314064
SK,Slovak Republic,Europe & Central Asia,High income,28543.6653439813,5413813,89.82507032,2686720,2627840,0.9780848022868032,58880,861,202,1.343,229,-0.0887452546210081,-0.0007666808949871,0,10.259190311095105,15.504464208478591,105.25098583926768,3.798416020529835,0.936853016260632,475,166.147,0.5852631578947368,-0.3631347342725505,0.006457972165272247
UZ,Uzbekistan,Europe & Central Asia,Lower middle income,3968.2720079072,37053428,89.50550079,333056,294912,0.8854727132974635,38144,510,69,1.202,126,-1.7609835435510917,-1.7420448277283214,0,8.286086016435132,17.42787142904306,68.65922147176182,2.0453085353103773,-0.6945281444971818,50,179.42700000000002,0.92,-0.005374298631277363,0.3304625768413533
KE,Kenya,Sub-Saharan Africa ,Lower middle income,2362.86091198611,57532493,34.97622513,6244352,4579072,0.7333142013775008,1665280,2606,227,1.73,261,1.344946214063583,1.1828227886021612,0,7.767628414678459,17.86786044181333,60.33605118852019,1.01150308004664,-1.5203458193127035,855,251.288,0.7859649122807018,0.27399390445257155,0.20595659362026394
BG,Bulgaria,Europe & Central Asia,High income,20328.1667065538,6433302,82.438955,4341312,4099328,0.9442601683546356,241984,8174,952,1.453,740,0.6214511847703772,0.6782315319620569,0,9.919762725800386,15.676998494728823,98.4016925361787,2.829706728551433,-0.1007643102045099,727,168.485,0.7207702888583218,-0.27238510843872926,0.1400219108226805
EC,Ecuador,Latin America & Caribbean ,Upper middle income,7125.27618527738,18289896,77.17273115,2725120,2279168,0.8363550962893377,445952,3313,187,2.109,285,0.3535853812950531,0.3053673501131992,0,8.87140376723154,16.721859334183577,78.70180480124995,1.631354420161223,-1.268807254985769,407,223.062,0.42997542997543,0.346344431263544,-0.14114333215349747
PR,Puerto Rico (US),Latin America & Caribbean ,High income,40620.1526923687,3184835,87.29178106,770048,731648,0.9501329787234044,38400,950,118,1.46,119,-1.225455687818883,-1.173374306232935,0,10.612019594171345,14.973911040308938,112.61495986707656,2.9472420643935604,0.1646023145073707,149,181.198,0.3221476510067114,0.0836088677515443,-0.2590707284894588
DO,Dominican Republic,Latin America & Caribbean ,Upper middle income,11059.2081531834,11520487,91.0022446,1620992,1617920,0.998104864181933,3072,1439,73,2.025,234,-0.224680682495407,-0.1031382285825728,0,9.311018676960204,16.259637486644042,86.69506880270175,6.266567837352885,3.3143489778547117,345,189.757,0.3884057971014493,0.10944514003073508,-0.18843074958318032
ET,Ethiopia,Sub-Saharan Africa ,Low income,932.729352775179,135472051,21.94129944,370176,368640,0.995850622406639,1536,536,7,3.463,10,-1.2349087284842692,-1.0770603688157134,0,6.838115075994758,18.72427591132568,46.7598177925468,5.480638923341995,3.515467664320422,73,228.466,0.0,0.11846359368727771,-0.5739379000995081
GT,Guatemala,Latin America & Caribbean ,Upper middle income,6598.18032988711,18687881,60.22140121,653056,573696,0.8784790278322226,79360,933,65,1.586,102,-1.0052682461490523,-1.0035799007532162,0,8.794549182407328,16.743385796867212,77.34409532178141,1.978105176321735,-0.9119394170621168,106,185.20850000000002,0.20754716981132076,0.06155265796244386,-0.36884707119846283
AO,Angola,Sub-Saharan Africa ,Lower middle income,3129.47662331063,39040039,40.70479965,1289984,1271552,0.9857114506846596,18432,652,66,1.547,78,-0.1770601106839837,-0.0486193774043126,0,8.048621056552747,17.480098318484078,64.78030091198426,4.233905196091291,1.5685319839172642,225,209.297,0.5644444444444444,0.18645747405710328,-0.008665930506875877
GH,Ghana,Sub-Saharan Africa ,Lower middle income,3257.1588903576,35064272,72.17569733,2203648,1509376,0.6849442379182156,694272,841,103,1.555,120,0.4186478371457944,0.1819100231002153,0,8.088610588353314,17.37269327829459,65.42562125002134,0.7765877848088861,-1.9099938265796053,288,237.825,0.3888888888888889,0.322221775766137,-0.18877687500606521
OM,Oman,"Middle East, North Africa, Afghanistan & Pakistan",High income,19947.3966227092,5494691,95.25174678,951872,828672,0.8705708330531836,123200,954,15,2.212,26,-0.7153571450877649,-0.7409161998464278,0,9.900853918700488,15.519292911299692,98.0269083194468,1.9060153683242504,-1.0401757694956897,139,203.474,0.5971223021582733,0.0982429650476977,0.02775488834234442
CU,Cuba,Latin America & Caribbean ,Upper middle income,9605.27914559614,10937203,70.47699738,257024,256256,0.9970119521912352,768,70,3,1.429,7,-1.8466482752498583,-1.725509181824183,0,9.17006813730988,16.20768065499361,84.09014964290589,5.8101424906471495,2.853366079969844,54,261.38599999999997,1.0,0.3068605815843259,0.4252713501415153
HR,Croatia,Europe & Central Asia,High income,27103.9116109268,3876200,83.63240029,2354432,2323456,0.9868435359356312,30976,875,169,1.184,176,0.1759350802948596,0.2706176073375221,0,10.207433336338392,15.170365850248784,104.19169531579232,4.317598300302995,1.4158034098809078,445,163.38,0.7258426966292135,-0.22463611027519437,0.15175754348217008
CR,Costa Rica,Latin America & Caribbean ,High income,19970.0989059622,5152950,87.17019653,2334976,2235648,0.9574608047363228,99328,3693,83,2.152,125,0.2450389988796555,0.3141042019231026,0,9.901991379124796,15.455079924177705,98.04943327226178,3.11385889279046,0.1629588281564533,453,205.751,0.17660044150110377,0.1663641360223227,-0.4010807135106418
LU,Luxembourg,Europe & Central Asia,High income,147252.179121515,686970,99.12902211,1858560,1362944,0.7333333333333333,495616,1577,134,1.123,132,-0.3362474870050196,-0.5652120580594158,1,11.89990190019221,13.440045902128736,141.60766523419818,1.0116009116784797,-0.6354316928919854,275,157.446,0.4763636363636364,-0.37348611745423743,-0.09673792939032189
RS,Serbia,Europe & Central Asia,Upper middle income,15262.0464193413,6549143,87.69071294,2312704,2242816,0.9697808279831748,69888,1449,239,1.262,199,0.3144797779210453,0.400302772855488,0,9.633124399342876,15.694844759356519,92.79708569321504,3.4685935374814076,0.4952740668587876,421,166.01,0.7149643705463183,-0.32875692662934203,0.13914034930689434
CI,Cote d'Ivoire,Sub-Saharan Africa ,Lower middle income,3050.10202257321,32711547,41.43219902,1718528,1305088,0.7594220169819753,413440,1346,38,1.645,31,0.3177483479301219,0.1841992289052285,0,8.02293031906602,17.303238692801603,64.3674109045888,1.149513349279304,-1.5208524068636566,247,225.722,0.5506072874493927,0.2263566121217937,-0.02680645337238388
VE,"Venezuela, RB",Latin America & Caribbean ,Lower middle income,3494.8138870244,28516896,76.67890167,6703104,5815040,0.867514512679499,888064,2460,127,1.151,294,1.6547570026398972,1.652147438463679,0,8.159035402040974,17.166007311682684,66.56985869175791,1.8791591312237543,-0.8450273760267619,1117,214.097,0.22829006266786034,0.23443584557805652,-0.3494075316627041
LT,Lithuania,Europe & Central Asia,High income,32958.6706396386,2888774,89.16116293,4109312,3632128,0.8838773984550212,477184,4663,493,1.215,217,0.7954125885556298,0.7760762381641158,0,10.403009650674793,14.87634274862795,108.22260979203288,2.029671820647976,-0.8355168127782493,696,171.25900000000001,0.6408045977011494,-0.2802347457436552,0.06395022750125531
BY,Belarus,Europe & Central Asia,Upper middle income,10279.2547190723,9085991,94.26182128,1793536,1707264,0.9518983728232944,86272,1144,105,1.495,115,0.2015626029005286,0.2744173027814227,0,9.23788303823632,16.022244334766107,85.33848302813432,2.985142272279946,0.0137262650042071,281,193.697,1.0,0.009532633315473299,0.41964864583339967
PA,Panama,Latin America & Caribbean ,High income,19789.7308555826,4571189,72.77149963,2187776,2102784,0.9611514158670724,84992,3268,114,2.337,151,0.3108923434994981,0.3829379223491376,1,9.892918438483038,15.335283904085431,97.86983523047768,3.208460325600018,0.7672010211168261,395,189.362,0.5645569620253165,0.18663345074671772,-0.01293542414778668
TZ,Tanzania,Sub-Saharan Africa ,Lower middle income,1318.81921386719,70545865,31.16209984,1100800,676352,0.6144186046511628,424448,1126,107,1.59,123,0.0978329778161235,-0.2350463143816235,0,7.18449208029617,18.071773623631167,51.616926451838395,0.4659241493870305,-1.7642848243488478,131,270.822,0.5190839694656488,0.18994347487693575,-0.061577314159022456
UY,Uruguay,Latin America & Caribbean ,High income,25215.8238152781,3384688,91.99109007,2516736,2442240,0.9703997558742752,74496,883,29,2.468,53,0.4644557354946084,0.5418366226670255,1,10.135227005612181,15.034772288736308,102.72282645529046,3.4899254972708373,1.0791373581698505,517,259.662,0.9013539651837524,0.180626409941191,0.32001251049237445
MM,Myanmar,East Asia & Pacific,Lower middle income,1488.87527836542,54850648,45.4477005,245760,201216,0.81875,44544,812,126,1.636,168,-1.2932924519533664,-1.341984360198225,0,7.3057762671646405,17.820124558654015,53.37436686586611,1.5079014932146777,-0.8089395396975512,39,233.825,0.5641025641025641,0.4064685188108257,-0.020436181198128345
SI,Slovenia,Europe & Central Asia,High income,37376.2216079138,2130986,90.76355487,2682880,2642688,0.9850190839694656,40192,881,313,1.418,305,0.5247847404462291,0.610429412996595,0,10.528789995320412,14.572095341373581,110.8554187655592,4.185883889117277,1.3410712754030674,507,160.642,0.6410256410256411,-0.30022050332590705,0.06304575902842405
AZ,Azerbaijan,Europe & Central Asia,Upper middle income,7410.72281660142,10246996,90.80000181,772864,653824,0.8459754885723749,119040,1042,112,1.35,115,-0.3720179441680198,-0.4136392167473968,0,8.910683259632878,16.142495147423624,79.40027615350161,1.703378631005128,-1.244899930084613,123,210.011,0.5691056910569106,0.053753268598854376,-0.00883687936028111
BO,Bolivia,Latin America & Caribbean ,Lower middle income,5147.81081955367,12581843,79.70469666,1170176,1151744,0.9842485232990592,18432,1082,53,1.81,70,0.269916938741721,0.384130665399395,0,8.546326819702333,16.34776530089088,73.0397021091634,4.134944309825112,1.2532128422374598,218,244.60000000000002,0.7706422018348624,0.3463272486667984,0.19389220833996842
UG,Uganda,Sub-Saharan Africa ,Low income,1206.30450825002,51384894,8.949831061,1426176,1156352,0.8108059594327769,269824,697,60,1.176,68,0.7807336161049854,0.7234216121380772,0,7.095316839818786,17.75485479618037,50.34352105741604,1.4552556065532969,-0.7471186340519647,204,271.463,0.7892156862745098,0.22924849376281548,0.20885226782365687
JO,Jordan,"Middle East, North Africa, Afghanistan & Pakistan",Upper middle income,5347.77731384797,11520684,95.62244985,647936,627456,0.968391939944686,20480,1842,74,1.75,56,-0.2780994584955341,-0.1811139167732509,0,8.584436298209045,16.259654586469395,73.69254655800901,3.4222247488542337,0.5266801721482337,124,196.0635,0.5,-0.0826235843909123,-0.06995161235759415
SD,Sudan,Sub-Saharan Africa ,Low income,1164.53991699219,51662147,18.60000038,1891072,803328,0.4248003248950859,1087744,542,10,2.668,13,1.0993622553714744,0.3959575281580818,0,7.060081366961205,17.760235904969683,49.84474890811279,-0.3030980068218338,-2.4838442259804374,165,208.737,0.5151515151515151,0.14233252761251625,-0.0618603575642261
CM,Cameroon,Sub-Saharan Africa ,Lower middle income,1972.3815800786,29879337,46.25880051,601856,240128,0.3989791578051893,361728,581,22,1.533,33,-0.1224605319962925,-0.8969683326779077,0,7.586997015469718,17.212677729227696,57.56252371274641,-0.4097204336783027,-2.913409241308485,44,251.893,0.6363636363636364,0.4406733551272861,0.05569740030212736
TN,Tunisia,"Middle East, North Africa, Afghanistan & Pakistan",Lower middle income,4656.63818386852,12348573,76.5,7876608,7789312,0.9889170566822671,87296,1204,29,2.387,29,2.314623196796971,2.434204258014642,0,8.446049047000523,16.329051067803537,71.33574450433844,4.491203173826675,1.628548407255459,1475,168.527,0.26576271186440675,-0.1606200686744875,-0.3115866516100164
MO,"Macao SAR, China",East Asia & Pacific,High income,75901.7461294198,685900,89.82640076,339712,337152,0.9924642049736248,2560,135,14,2.456,15,-1.2464636432149678,-1.1676833900273316,0,11.2371949687768,13.438487123487413,126.27455076630262,4.88052660874924,2.277756415887931,60,198.913,0.8666666666666667,-0.004043066094011699,0.2864358698829358
KH,Cambodia,East Asia & Pacific,Lower middle income,2872.42926639909,17847982,68.47530365,497152,421120,0.8470648815653965,76032,2153,106,2.61,142,-0.243436746523086,-0.2720396332970232,0,7.962913385015579,16.697401006577635,63.40798957726027,1.7117635243967726,-0.9843197538270124,90,221.19650000000001,0.5222222222222223,0.2050906882409994,-0.058163784220165826
PY,Paraguay,Latin America & Caribbean ,Upper middle income,7026.61906146401,7013078,81.57806793,1154560,1088256,0.9425720620842571,66304,891,79,1.64,121,0.4730534009349014,0.53700133955215,0,8.857460939030275,15.763287249658822,78.45461428644708,2.798081466659251,-0.1741762006249723,212,260.889,0.5566037735849056,0.1299207649059596,-0.022176349604297818
BH,Bahrain,"Middle East, North Africa, Afghanistan & Pakistan",High income,30596.5794898885,1600366,100.0,414976,410368,0.9888957433682912,4608,1233,22,2.724,24,-0.8164673702426519,-0.7275754776373233,1,10.328643500316275,14.285742911050718,106.68087655662563,4.489260394713392,2.075559978185315,80,176.26049999999998,0.4,-0.12459223770939287,-0.17979954450052327
LV,Latvia,Europe & Central Asia,High income,26311.9730706362,1847785,92.70757011,1850368,1765632,0.9542058660763696,84736,1518,297,1.112,310,0.71354288350269,0.7690264701278959,1,10.177779364405167,14.42949818242417,103.58719279051164,3.0367234380542265,0.5906159910166937,339,173.707,0.504424778761062,-0.33424303413807466,-0.07322941436703989
LY,Libya,"Middle East, North Africa, Afghanistan & Pakistan",Upper middle income,6448.82415074121,7458555,81.95449829,460032,444160,0.9654980523094046,15872,537,23,1.15,33,-0.4069210562735357,-0.3177904878557669,0,8.771653090960084,15.824872253685824,76.9418979481496,3.3316283073358677,0.3739889092486921,93,186.37,0.946236559139785,0.08956206050009174,0.3750086475860078
EE,Estonia,Europe & Central Asia,High income,34417.6320815138,1366475,92.23796204,1367592,1264384,0.9245330478680776,103208,881,225,1.049,234,0.3947576148899419,0.4141954635687401,0,10.446324272556343,14.127744989268892,109.1256908073998,2.505593956615214,-0.4024507233011785,207,176.332,0.6231884057971014,-0.26376452843488535,0.04901965705193298
NP,Nepal,South Asia,Lower middle income,1535.87781246307,29618118,46.32189941,583424,566272,0.9706011408512506,17152,1145,147,2.775,207,0.1525554655436085,0.2689354533871757,0,7.336857361365725,17.203896826635393,53.82947594102643,3.496959743251262,1.116270832777818,109,254.908,0.8073394495412844,0.22808327909212234,0.23218896464046143
CY,Cyprus,Europe & Central Asia,High income,41783.08984375,1370754,89.60099246,1364032,1243136,0.9113686482428563,120896,1635,233,1.721,176,0.1585220883883078,0.1621312760435564,1,10.640246987468164,14.130871511372561,113.21485595432532,2.330461826357714,0.0147839174787094,227,180.651,0.5770925110132159,-0.12533008062010983,-0.0072003773663186915
HN,Honduras,Latin America & Caribbean ,Lower middle income,3598.21450440452,11005850,58.62269974,536064,520704,0.97134670487106,15360,831,94,1.379,120,0.0491940519376044,0.1519574633747993,0,8.188193030411158,16.213937507579292,67.04650510327386,3.5234150143863987,0.7176179061650743,87,172.705,0.5057471264367817,-0.02728731977469706,-0.0772984384335116
IS,Iceland,Europe & Central Asia,High income,98323.4849517418,392404,98.209198,919296,852736,0.9275967697020328,66560,283,67,1.085,86,0.0016704292617344,0.0064687139999062,0,11.496018188605063,12.88004720030131,132.15843419273844,2.5503462071781504,0.0600266236197493,176,174.04250000000002,0.5568181818181818,-0.23333324377041542,-0.018516229385822758
GE,Georgia,Europe & Central Asia,Upper middle income,9691.53472415196,3935766,83.79855689,1308736,1274112,0.9735439385789036,34624,784,187,1.246,169,0.7957614715137034,0.8850123519790944,0,9.179008074609088,15.185616084167474,84.25418923373884,3.6054576611319646,0.5701742292233503,241,224.616,0.7676348547717843,0.13219491495109148,0.18685127378805313
SN,Senegal,Sub-Saharan Africa ,Lower middle income,1954.71174194867,18931966,60.11780167,407040,390656,0.959748427672956,16384,344,12,3.303,23,-0.045072137603892,0.0546810914379864,0,7.577998014974581,16.756362374105542,57.426053914958686,3.171522128484731,0.6369855094077042,79,216.94,0.7848101265822784,0.26364268581861505,0.2119727330089707
SV,El Salvador,Latin America & Caribbean ,Upper middle income,5766.72574029107,6365503,66.47769928,663808,601600,0.9062861550327804,62208,1105,51,1.565,55,0.2516347214213734,0.2771076604879248,0,8.659859735746402,15.666403812774277,74.99317064280173,2.2691091637976544,-0.6846946683455251,120,205.7575,0.325,0.12240899757783108,-0.24316490838303464
BA,Bosnia and Herzegovina,Europe & Central Asia,Upper middle income,10381.8460703874,3140095,86.10091103,794880,786432,0.9893719806763284,8448,634,52,1.574,60,0.4419412139706526,0.5450155772131975,0,9.247813989691572,14.95976361220384,85.52206358793515,4.53357653280107,1.4807299785595238,146,177.5545,0.6643835616438356,-0.12460047161595196,0.08087118969648331
AL,Albania,Europe & Central Asia,Upper middle income,12998.147869552,2349580,85.86389923,504896,487680,0.9659018887057929,17216,925,125,1.718,132,0.0119312286759534,0.0869756725757451,0,9.472562154720713,14.669747146743155,89.72943377504711,3.343820269078852,0.2771837878222958,91,193.773,0.5384615384615384,0.014415830940933794,-0.03807456955040056
AM,Armenia,Europe & Central Asia,Upper middle income,9474.01849300368,3086700,81.33930206,666912,541440,0.8118612350654959,125472,963,164,1.296,150,0.3923759347977764,0.298288503859311,0,9.156308435456003,14.94261311703201,83.83798416520276,1.4621496308678823,-1.5913973374777282,104,188.7825,0.6730769230769231,-0.02210996413058336,0.10082534001127111
ZM,Zambia,Sub-Saharan Africa ,Lower middle income,1317.87771619597,21913874,17.10099983,1651968,1648640,0.9979854331318766,3328,337,28,1.524,24,1.6775566694547273,1.8205954018646864,0,7.183777930937175,16.902630510181925,51.606665361020006,6.205334461636839,3.885877320387568,328,289.669,0.09451219512195122,0.2068279964667682,-0.4823680903492925
MT,Malta,"Middle East, North Africa, Afghanistan & Pakistan",High income,47906.9000057635,579704,93.86029816,679040,641024,0.9440150801131008,38016,586,43,2.62,52,0.1618395116624391,0.1928420476704442,1,10.777014823249477,13.27027290742477,116.14404850053896,2.825059773977233,0.5002157911700071,114,181.031,0.6491228070175439,-0.20224070852680542,0.06182179003049755
BF,Burkina Faso,Sub-Saharan Africa ,Low income,1147.57131635601,24074580,28.25270081,339200,280832,0.8279245283018868,58368,597,29,1.299,33,0.1645509888518397,0.1225877386430855,0,7.045403089333367,16.996667070013423,49.63770469118815,1.5709888313207894,-0.6593718973972007,57,226.712,0.47368421052631576,0.23138121329923395,-0.10706981336536595
LB,Lebanon,"Middle East, North Africa, Afghanistan & Pakistan",Lower middle income,4473.27134441128,5849421,80.63400269,569216,525824,0.9237688329210704,43392,1445,153,1.249,171,0.4846076754252841,0.5305057265533595,0,8.405875264327408,15.58185323995078,70.65873895943137,2.494691463667998,-0.4162546406918062,93,181.458,0.22580645161290322,-0.07771084319770838,-0.36125073569127575
TT,Trinidad and Tobago,Latin America & Caribbean ,High income,18967.2704636681,1367764,82.15989685,544000,538368,0.9896470588235294,5632,381,16,1.567,17,0.1801733838410992,0.2723234343253544,0,9.850470165579395,14.128687847662391,97.03176248296975,4.560077722344386,1.4980734384953562,101,232.025,0.7821782178217822,0.27656037115446797,0.21465088138601357
MN,Mongolia,East Asia & Pacific,Upper middle income,7108.22743246244,3568978,85.12349701,181504,167680,0.923836389280677,13824,409,56,1.027,75,-0.7131744215688247,-0.6746803610988543,0,8.869008185451241,15.087789838261648,78.65930619360111,2.4956511890709776,-0.5295817631668629,30,285.91949999999997,0.9,0.2678871679821142,0.32287860828817083
SY,Syrian Arab Republic,"Middle East, North Africa, Afghanistan & Pakistan",Low income,1056.78264718197,25620427,33.77000046,1282048,1142272,0.8909744408945687,139776,502,7,1.011,15,1.5297004955165523,1.5622605593258123,0,6.962984332919982,17.05890052096064,48.48315082048912,2.1007333992475727,-0.0735324527273872,215,200.007,0.18604651162790697,0.12041333711373958,-0.3936569649309801
JM,Jamaica,Latin America & Caribbean ,Upper middle income,8002.92104076242,2837077,90.10870361,224256,211968,0.9452054794520548,12288,392,20,1.283,15,-0.4123229569148794,-0.3536818955091281,0,8.987561884113504,14.858284854769161,80.77626862076987,2.847812143477369,-0.2049137350975423,38,191.8835,0.5,0.08949554197396714,-0.08858328283194372
KG,Kyrgyz Republic,Europe & Central Asia,Lower middle income,3080.96893823359,7343064,92.0286026,296192,279040,0.9420916162489196,17152,441,44,1.794,68,0.0463947486891473,0.1166201345740027,0,8.032999416830037,15.809266752179505,64.52907963079173,2.7892403558322227,0.0009269697677907,57,250.059,0.631578947368421,0.28333523647324743,0.06056606283939184
NI,Nicaragua,Latin America & Caribbean ,Lower middle income,3173.33724815085,7007502,61.39550018,411136,348160,0.8468244084682441,62976,390,21,1.497,34,0.3861277224869877,0.3491475927271903,0,8.062539072777522,15.76249184742953,65.00453630006422,1.7099084427977354,-1.091746683449796,66,210.385,0.12121212121212122,0.1518563486493909,-0.4491516294101603
YE,"Yemen, Rep.","Middle East, North Africa, Afghanistan & Pakistan",Low income,633.887202451545,41773878,17.49099922,233472,228864,0.9802631578947368,4608,150,6,1.027,6,-0.0564241677664583,0.0794518349688768,0,6.45187102449435,17.547781773916284,41.626639716709775,3.905334017277349,2.129341381845339,54,198.2245,0.9629629629629629,0.3495562510163459,0.39117139939847434
GA,Gabon,Sub-Saharan Africa ,Upper middle income,8263.03321595,2593130,68.72090149,393728,347392,0.8823146944083224,46336,100,12,1.567,12,0.2027332759257856,0.1915678005490555,0,9.019547016534567,14.768376198242875,81.35222838347761,2.014534628569043,-1.0470803514682832,79,234.648,0.20253164556962025,0.09765333905887535,-0.3693323401301921
MD,Moldova,Europe & Central Asia,Upper middle income,8621.71721623786,2360527,77.3687973,1258496,1125120,0.8940195280716029,133376,955,133,1.689,205,1.4085262189208567,1.4094728066225102,0,9.062039556838092,14.674395457157669,82.12056092969833,2.1324727683659104,-0.938555270308424,215,196.167,0.8744186046511628,-0.04053527335958773,0.2913811682140247
BW,Botswana,Sub-Saharan Africa ,Upper middle income,7778.1151090571,2562122,57.45950036,166144,162560,0.9784283513097072,3584,279,32,1.671,39,-0.5761207375918218,-0.483510105474993,0,8.95906931391926,14.756346379352685,80.26492297160972,3.81456766927743,0.7560426111543701,30,266.80100000000004,0.7666666666666667,0.3680298125546093,0.18121067628564066
MG,Madagascar,Sub-Saharan Africa ,Low income,599.265294255357,32740678,18.67790031,579840,573696,0.9894039735099338,6144,424,6,2.476,11,1.1644695247310215,1.3081582126813878,0,6.395704395317311,17.30412883830616,40.90503471228117,4.536623643452985,2.7860578824097484,119,274.648,0.9243697478991597,0.4386980934417726,0.35291139933559856
MK,North Macedonia,Europe & Central Asia,Upper middle income,10489.9255355525,1820909,93.1,684544,651264,0.9513836948391924,33280,425,59,1.687,66,0.8268824370432792,0.8864585836368697,0,9.258170602752422,14.414846384918517,85.71372290966914,2.973958474004434,-0.120597327373447,125,180.37,0.72,-0.0288939131456033,0.1394963084101588
AF,Afghanistan,"Middle East, North Africa, Afghanistan & Pakistan",Low income,416.871146273728,43844111,16.09499931,178176,147968,0.8304597701149425,30208,564,64,1.171,74,0.1228848812705862,0.0965650796232218,0,6.032777172306266,17.59615096901786,36.39440041069959,1.5888892442067128,0.1670641509722916,30,223.8535,0.43333333333333335,0.22680069973079664,-0.1424428118055014
PS,West Bank and Gaza,"Middle East, North Africa, Afghanistan & Pakistan",Lower middle income,3171.10844621579,5413596,86.63765334,876032,809984,0.924605493863238,66048,879,70,1.57,67,1.4023482441669015,1.4512277337608772,0,8.061836473327826,15.504424125020021,64.99320732267884,2.5066327439659286,-0.3145833744639836,141,161.025,0.14893617021276595,-0.1480116633217799,-0.416795239237163
RW,Rwanda,Sub-Saharan Africa ,Low income,1123.73874633225,14569341,31.70330048,283392,262400,0.925925925925926,20992,269,23,1.849,34,0.5136065228735713,0.5797485916900111,0,7.024416571348366,16.49442994722398,49.34242816783354,2.525728644308257,0.2697410944794347,43,235.058,0.4883720930232558,0.42915715879561445,-0.0975910420408608
MU,Mauritius,Sub-Saharan Africa ,Upper middle income,12991.2935987166,1243741,73.30793533,3698944,3604736,0.974531109419337,94208,914,54,1.69,49,2.6421895772915143,2.7211540663661378,1,9.472034688903282,14.033634331247853,89.7194411477871,3.64449871174838,1.0495796468036045,692,208.3815,0.5361271676300579,-0.12196708556142416,-0.0441033510054587
BN,Brunei Darussalam,East Asia & Pacific,High income,32234.6428368582,466330,96.29828801,216064,136960,0.6338862559241706,79104,263,7,1.682,10,-0.2939982562743584,-0.6598825718075823,0,10.380797017703756,13.05264881699113,107.7609467227672,0.548925469998261,-2.4633729011462413,30,246.4495,0.7,0.4190124832181332,0.11320400278170561
MW,Malawi,Sub-Saharan Africa ,Low income,671.506847203876,22216120,18.96159935,556544,239360,0.4300827966881325,317184,420,27,1.643,36,1.3772409082664223,0.6838823494943469,0,6.509524212789749,16.916328709466608,42.373905476896006,-0.2815133523404554,-2.150289141723835,46,304.11199999999997,0.8260869565217391,0.48720627157918905,0.2582686767504524
TG,Togo,Sub-Saharan Africa ,Lower middle income,1383.89974929887,8591626,39.48320007,354816,340224,0.9588744588744588,14592,111,9,1.567,11,1.0207089998572698,1.1160603515137382,0,7.2326606980763435,15.966298565919315,52.31138077349818,3.1491307908786923,0.7302258474335606,59,190.29,0.5254237288135594,-0.08874408566200187,-0.046340274604580026
ME,Montenegro,Europe & Central Asia,Upper middle income,14816.8380299947,623129,88.88258428,196352,191488,0.9752281616688396,4864,110,29,1.091,30,0.2433886665892917,0.3166343450331634,0,9.603519517786005,13.34250883893541,92.22758712849674,3.672963998808037,0.5159985050864724,41,167.169,0.4878048780487805,-0.3883718567579528,-0.08342028067970284
GU,Guam,East Asia & Pacific,High income,41833.1517132825,168999,80.5054655600831,218624,217856,0.9964871194379392,768,93,10,1.772,10,0.4262817780738341,0.5027887157301745,0,10.641444407361282,12.03764807672794,113.24033907496072,5.647799839905295,2.6515411577647185,33,253.374,0.8181818181818182,0.4526395263299754,0.23073342426633678
FJ,Fiji,East Asia & Pacific,Upper middle income,6642.00449450523,933154,74.7052002,143616,139776,0.9732620320855616,3840,158,15,1.476,21,0.4791493270419167,0.5597922654550089,0,8.801169078615962,13.746325525158376,77.46057715038573,3.5945687746426995,0.47389735210196,35,289.75,0.37142857142857144,0.6149353840814403,-0.19317328720360646
CW,Curacao,Latin America & Caribbean ,High income,22832.895498987,156263,68.1272162511339,199680,176384,0.8833333333333333,23296,319,23,2.028,38,1.1339201108283683,1.0940006195994876,1,10.035957560171513,11.95929576413772,100.72044414956372,2.024381764496808,-0.6461666397900099,34,176.93,0.5294117647058824,0.17950312631618393,-0.03340362321578359
BZ,Belize,Latin America & Caribbean ,Upper middle income,7865.47937690933,422924,80.00582262,148992,124928,0.8384879725085911,24064,166,49,1.666,30,1.108897344280507,1.0329757585727857,0,8.970238764290949,12.954947772855268,80.465183488388,1.6470206235831435,-1.5504646289779709,30,149.7785,0.4,-0.027485766201640727,-0.17158495207513344
GM,"Gambia, The",Sub-Saharan Africa ,Low income,919.060423427951,2822093,49.49430084,274944,271616,0.9878957169459964,3328,106,9,1.308,12,2.3691019692863424,2.48874845294835,0,6.823351869299805,14.852989366202696,46.55813073227715,4.402017781152459,2.1498840292819525,58,208.45850000000002,0.15517241379310345,0.2233018012231221,-0.43214842033513334
SC,Seychelles,Sub-Saharan Africa ,High income,19449.3836346926,122730,87.81800079,8991488,7806464,0.8682060188480483,1185024,16868,728,1.451,89,5.374209156856594,5.3163760297618925,0,9.875570658811434,11.717742099591554,97.52689583717728,1.8851890809005816,-1.3572198127183663,1500,188.93349999999998,0.27466666666666667,-0.15279598796724367,-0.30712489704218615
AG,Antigua and Barbuda,Latin America & Caribbean ,High income,24819.2454680158,94209,72.73040009,250368,166912,0.6666666666666666,83456,369,29,1.474,18,1.7686582898221823,1.4427158539446283,0,10.11937465813598,11.453270997401939,102.40174347172469,0.6931471805599452,-2.5168307428844745,31,188.905,0.41935483870967744,0.13605772751976153,-0.17044193851730538
