iso2,country_name,region,income_group,gdp_per_capita_usd,population,internet_users_pct,ipv4_addresses,announced_addresses,announcement_ratio,dark_addresses,announced_prefixes,origin_asns,overlap_ratio,asn_count,resid_ipv4,resid_announced,ofc,log_gdp_pc,log_pop,log_gdp_pc_sq,logit_ratio,resid_ratio,traces,reach_country,reach_16,reach_24,median_rtt
US,United States,North America,High income,90026.5163005744,341784857,94.69380188,1606412960,1316319808,0.81941558041215,290093152,300655,22568,1.276,32115,0.7807026993799724,0.715162030987667,0,11.407859531480751,19.649692023977963,130.13925908999622,1.5123930123639029,-0.513787050262174,69780.0,0.8753,0.1014,0.0859,143.5
CN,China,East Asia & Pacific,Upper middle income,13861.970224368,1406585000,91.6,342982400,278454528,0.8118624395887369,64527872,66324,736,1.492,6623,0.0410606432658795,-0.0080828219357265,0,9.536904414471584,21.064430617768817,90.9525458107676,1.4621575168567256,-1.1090708028257932,14906.0,0.9065,0.166,0.1394,307.5
DE,Germany,Europe & Central Asia,High income,60496.4350820414,83491249,93.49999579,126300800,116286208,0.9207084040639488,10014592,21225,2892,1.083,3233,0.1241161258085163,0.1671961684726497,0,11.010339718019052,18.24025238193372,121.22758070618788,2.4520112332421906,0.0968119470618309,6243.0,0.6037,0.193,0.1547,161.3
JP,Japan,East Asia & Pacific,High income,35951.0449549304,123366734,85.54153081,188691264,162363968,0.8604742188806367,26327296,12551,878,1.156,1298,0.7524401257603337,0.7349731001173758,0,10.489913429623293,18.63067205448656,110.03828376099112,1.8192342594984787,-0.7283252179813144,8746.0,0.7997,0.0856,0.0623,240.8
GB,United Kingdom,Europe & Central Asia,High income,57601.9621201954,69487000,95.4720993,139083776,108476928,0.7799394805041819,30606848,22482,2967,1.254,3095,0.462998754676466,0.3390970872437506,1,10.961311910690524,18.056650242679208,120.15035880344595,1.2653137304364648,-0.6076114194102724,5650.0,0.5864,0.1651,0.1506,117.4
IN,India,South Asia,Lower middle income,2702.47987141553,1463865525,70.0,41963776,33112576,0.7890752252609489,8851200,47105,3014,1.395,6249,-0.1565563756144925,-0.2211105051802313,0,7.901925101350762,21.10434639375845,62.44042030735725,1.3193601067530447,-1.0166607804146706,1774.0,0.6291,0.1567,0.1263,248.1
FR,France,Europe & Central Asia,High income,48985.7307807924,68720337,88.65381638,81624912,73108480,0.8956638140081548,8516432,11039,1644,1.146,1866,0.1337698551284418,0.1493933274166003,0,10.799284326128062,18.04555573958634,116.62454195655522,2.1499468917136313,-0.3194849849448329,3960.0,0.6399,0.0593,0.0409,147.7
RU,Russian Federation,Europe & Central Asia,High income,17546.609375,143513328,94.36495368,45185088,43215488,0.9564103980499054,1969600,39741,4592,1.514,5752,0.0239009502459488,0.1189132066827802,0,9.772616012223175,18.78193846689983,95.50402372236078,3.0883684730681247,0.3704274641628653,2323.0,0.7663,0.2807,0.2385,205.4
IT,Italy,Europe & Central Asia,High income,43308.6403060733,58915656,89.2207202,54071424,51888896,0.9596362026640912,2182528,8670,1146,1.245,1311,0.022785430990087,0.107153578328635,0,10.676107439258994,17.891617419753153,113.97927005460124,3.1686209794041447,0.6351983682646507,2707.0,0.5914,0.1374,0.1127,167.3
CA,Canada,North America,High income,55697.6639660837,41651653,94.353302,67832064,53885696,0.7943985900237386,13946368,39895,1903,1.489,2514,0.2983782488432922,0.1891023226257502,0,10.92769348546827,17.544851613664733,119.41448491234566,1.35164594641611,-1.0972532312752434,2923.0,0.648,0.1865,0.1492,173.1
BR,Brazil,Latin America & Caribbean ,Upper middle income,10713.2856869511,212812405,84.46347227,79643648,76453056,0.9599391529629582,3190592,63656,7837,1.538,9159,0.7818480099289182,0.8874727202700115,0,9.279239903222505,19.175921607905657,86.10429318155681,3.1764704258990175,0.4472741975431273,4021.0,0.4733,0.1025,0.0696,204.2
ES,Spain,Europe & Central Asia,High income,38627.2472148623,49355143,95.7574516,32091264,30678784,0.9559855292705204,1412480,15854,1276,1.294,1163,-0.185329408259939,-0.1052666472830914,0,10.561713192827696,17.71455253320608,111.5497855675506,3.0782243161260587,0.4865667375725619,1710.0,0.593,0.2825,0.2579,163.6
KR,"Korea, Rep.",East Asia & Pacific,High income,36226.9663637512,51684564,97.89563777,112497920,107276288,0.9535846351648102,5221632,21271,903,1.496,1179,1.0990065549746326,1.1774157807455978,0,10.497559047668775,17.760669726232784,110.19874595929257,3.0225976406209387,0.4110376346848055,5802.0,0.7175,0.3037,0.2928,251.4
MX,Mexico,Latin America & Caribbean ,Upper middle income,13889.2339628708,131946900,83.12233799,28962816,23180032,0.8003376467260642,5782784,25287,436,1.631,791,-0.0587255137559488,-0.1407020001015198,0,9.538869283966276,18.697910126889994,90.9900272165953,1.388405990788521,-1.364129478554763,1230.0,0.7179,0.4398,0.4089,187.7
AU,Australia,East Asia & Pacific,High income,65129.7227990563,27614411,96.13140106,46093312,39737856,0.862117610468087,6355456,19270,1870,1.33,2990,0.1384063003972748,0.106500588958518,0,11.084136295413723,17.13384833210209,122.85807741530785,1.832990628397683,-0.5693870957772913,2137.0,0.7721,0.0917,0.0604,261.9
TR,Turkiye,Europe & Central Asia,Upper middle income,18599.4420922378,85878556,89.77024003,16819840,15718148,0.9345004470910544,1101692,12272,886,1.663,1094,-0.5184030480227868,-0.4510386928517427,0,9.830886864210454,18.268444716674203,96.64633653690564,2.657968788523312,-0.0899477744931647,891.0,0.6038,0.0494,0.0382,193.2
ID,Indonesia,East Asia & Pacific,Upper middle income,5059.62596411213,285721236,72.78075544,19317760,11354624,0.5877816061489531,7963136,21654,2846,1.761,3974,-0.0385909347017907,-0.4153266116493697,0,8.52904783941334,19.47052719415517,72.74465704700138,0.354802169723469,-2.28412387504054,595.0,0.8034,0.2504,0.1899,232.1
NL,Netherlands,Europe & Central Asia,High income,73683.917132794,18087633,97.00679779,47900704,39131280,0.8169249454037252,8769424,13787,1651,1.204,1599,0.4546790030405567,0.3646554979095491,0,11.207539833641896,16.71073900303928,125.6089491226698,1.495651021383975,-0.8727755239527137,2156.0,0.6772,0.2379,0.2092,159.4
SA,Saudi Arabia,"Middle East, North Africa, Afghanistan & Pakistan",High income,34536.6555456551,36973555,100.0,11237184,10510592,0.9353403842101368,726592,9905,177,1.904,200,-0.8118612216954482,-0.755018540200247,0,10.449776518571703,17.425713485337706,109.19782928809254,2.6717736800499337,0.0178192154451184,549.0,0.4663,0.1275,0.1184,216.0
CH,Switzerland,Europe & Central Asia,High income,114769.012314293,9092436,97.32103855,23259760,14843392,0.6381575734229415,8416368,4857,884,1.504,1063,-0.1044073239271554,-0.4502301298359441,1,11.650676798854754,16.022953417050292,135.73826987137244,0.567376401774205,-1.059646501351553,804.0,0.7351,0.3109,0.209,158.6
PL,Poland,Europe & Central Asia,High income,28419.5777395638,36435861,88.58496367,20024328,18909440,0.9443233251073394,1114888,7603,2177,1.255,2459,0.012260500962455,0.0800664028513402,0,10.254833543678778,17.41106403993123,105.16161100855945,2.830907316834689,0.1142948654407356,1025.0,0.559,0.1824,0.1151,168.6
BE,Belgium,Europe & Central Asia,High income,60750.2735864647,11941781,95.77579144,12300160,9971456,0.8106769342837816,2328704,1765,336,1.351,384,-0.2588926828991909,-0.3583383296902056,0,11.014526864673554,16.295553817284176,121.31980205261544,1.4544147217734156,-1.0478192720349346,492.0,0.6382,0.3882,0.3618,165.4
IE,Ireland,Europe & Central Asia,High income,131592.462547877,5484367,97.18769836,10113088,7222016,0.7141256953365777,2891072,1646,242,1.341,291,-0.5927002182791554,-0.8310720456250724,1,11.787465020760992,15.517412239379945,138.94433161566394,0.915506770704302,-0.6547086577434141,368.0,0.4755,0.0842,0.0516,162.2
AR,Argentina,Latin America & Caribbean ,Upper middle income,14898.0885943842,45851378,89.66715228,19432960,18692608,0.9619022526676329,740352,12565,1113,1.82,1344,0.5193217439830775,0.6124056746794082,0,9.608988201448584,17.640915810740747,92.33265425557808,3.228757681799639,0.4020023846707494,975.0,0.6082,0.2072,0.1764,236.7
SE,Sweden,Europe & Central Asia,High income,63133.2126736715,10596620,95.76629783,31278368,26366720,0.8429698122357279,4911648,5817,825,1.062,865,0.7485875429763595,0.6869681957704081,0,11.053002259876294,16.17604564030858,122.16885895683046,1.6804930818201904,-0.8114122066336962,1383.0,0.7462,0.1352,0.0947,177.2
IL,Israel,"Middle East, North Africa, Afghanistan & Pakistan",High income,60336.8477964194,10122800,88.18242225,8035200,7139328,0.8885065710872162,895872,4382,387,1.636,376,-0.5107664467588737,-0.5197797111123705,0,11.007698270652725,16.13030086339668,121.169421217731,2.0755763876302074,-0.442746496832648,377.0,0.5385,0.0875,0.0557,197.6
SG,Singapore,East Asia & Pacific,High income,98813.9788172877,6111175,94.37757178,27818496,16568576,0.5955956785010951,11249920,9960,631,1.534,721,0.6510940206610698,0.2343054710604732,1,11.500994359732694,15.625629620351331,132.27287126260325,0.3871468717885487,-1.36892106968684,868.0,0.3802,0.1717,0.1429,236.5
AT,Austria,Europe & Central Asia,High income,62930.0351324599,9208163,91.92573373,11133536,10490880,0.9422774579432804,642656,3358,723,1.218,761,-0.1396447040673045,-0.0909694224081079,0,11.049778834799227,16.03560093122544,122.09761229797697,2.7926519984360465,0.2883275229528306,569.0,0.7522,0.2197,0.1617,170.9
TH,Thailand,East Asia & Pacific,Upper middle income,8056.56359761558,71619863,90.86718789,9332224,8513280,0.9122455697591484,818944,11208,481,2.375,621,0.0690807032627365,0.1174436981708204,0,8.994242391933385,18.086883009659232,80.89639620485158,2.341366870769002,-0.4642111162771973,487.0,0.8973,0.2279,0.1704,255.9
AE,United Arab Emirates,"Middle East, North Africa, Afghanistan & Pakistan",High income,50273.5126243239,11513149,100.0,7184128,6133248,0.8537219826818231,1050880,8795,1306,2.153,209,-0.5349686307751824,-0.5814886531317818,0,10.825233629406076,16.25900033146383,117.18568313122424,1.764096554404748,-0.8308029245106343,340.0,0.6618,0.2735,0.2324,229.6
NO,Norway,Europe & Central Asia,High income,94594.1929573987,5610870,99.0,15616528,14386176,0.921214754009342,1230352,1728,308,1.128,402,0.2112868589081884,0.2303012388484902,0,11.457351367927476,15.540216345689089,131.2709003681496,2.458967438182077,0.148255272207558,781.0,0.7298,0.1152,0.073,175.0
VN,Viet Nam,East Asia & Pacific,Upper middle income,5065.99091899299,101598527,84.15,16495360,16146688,0.9788624194925118,348672,16924,529,2.73,1057,0.8393187963447648,0.964516930354664,0,8.530305038020138,18.43653959497206,72.76610404167175,3.8353385780132943,1.1168748470950494,838.0,0.8866,0.2506,0.2375,262.3
PH,Philippines,East Asia & Pacific,Upper middle income,4170.72347271451,116786962,67.26300914,6265664,5864448,0.9359659247607276,401216,5543,489,1.733,664,-0.0373199686330707,0.0456724792998048,0,8.335844794400147,18.575861995415348,69.48630843632803,2.682163703359669,0.0176005714261733,298.0,0.8289,0.1711,0.1376,229.7
MY,Malaysia,East Asia & Pacific,Upper middle income,13124.5554178269,35977838,98.0206059,6701312,5893376,0.8794361462352447,807936,2975,283,2.417,406,-0.1514049694061103,-0.148862627293786,0,9.482240213958649,17.39841369574295,89.91287947521457,1.9871014398531317,-0.8696028285411983,311.0,0.3633,0.1383,0.1125,195.7
DK,Denmark,Europe & Central Asia,High income,76970.1535217919,6009169,99.76915157,12030048,11474944,0.9538568757165392,555104,1774,382,1.008,475,0.1266199773095202,0.182598878639375,0,11.251173009092984,15.608797027400525,126.58889408054247,3.0287656711635496,0.6003339750676671,608.0,0.5082,0.1546,0.125,169.9
CO,Colombia,Latin America & Caribbean ,Upper middle income,8561.62091854449,53425635,79.34543299,17518080,16618240,0.9486336402162794,899840,9722,281,1.28,595,0.920607164317662,1.0053159341753428,0,9.05504481085256,17.793801244920093,81.99383652654788,2.916039196549588,0.0845541143713286,903.0,0.3865,0.1141,0.0797,185.1
BD,Bangladesh,South Asia,Lower middle income,2597.34352335275,175686899,53.42171316,2081344,1943808,0.9339196211678608,137536,7906,1564,1.626,1998,-0.9861594535499556,-0.8984677589065857,0,7.862244479908661,18.9842139857785,61.81488826185421,2.6485185136906138,0.1648594121031514,133.0,0.6992,0.2256,0.1654,255.5
RO,Romania,Europe & Central Asia,High income,22537.9532108047,19020271,91.29048551,7832448,7099136,0.90637512052426,733312,6575,1049,1.193,1084,0.0013542166232909,0.0248651683533474,0,10.022955976496505,16.761015863139846,100.459646506787,2.270157106137656,-0.5556291329569323,429.0,0.4615,0.2401,0.2214,179.1
HK,"Hong Kong SAR, China",East Asia & Pacific,High income,56983.0663059906,7498900,95.75536971,15836736,14315904,0.9039680903943844,1520832,15042,1097,1.874,1356,0.5367169601658084,0.5430534775174749,1,10.950509420327942,15.830266901083265,119.913656564691,2.2421135335697713,0.1932187495427002,771.0,0.6809,0.2023,0.1686,203.1
ZA,South Africa,Sub-Saharan Africa ,Upper middle income,6597.71450918774,64747319,78.35759735,27176192,22896896,0.8425351130872198,4279296,11119,854,1.661,864,1.4765917535474191,1.446228723939079,0,8.7944785815568,17.98600285228129,77.34285352146132,1.677212845438402,-1.1175319347620103,1230.0,0.7171,0.1366,0.087,244.2
PK,Pakistan,"Middle East, North Africa, Afghanistan & Pakistan",Lower middle income,1595.90912252837,255219554,57.253,5525248,5182464,0.9379604318213408,342784,5941,340,1.891,459,0.1944117439021937,0.2931402145533823,0,7.375198835616869,19.357634728756626,54.39355786488442,2.715935386642795,0.4803132834214079,269.0,0.3978,0.2268,0.2268,282.4
CZ,Czechia,Europe & Central Asia,High income,35917.2724081665,10886878,87.68776014,9558976,9105920,0.952604128308304,453056,4627,1316,1.337,716,0.2064226504013042,0.2716801991377817,0,10.488973584348239,16.203068768774994,110.01856685315514,3.0006642922881985,0.266608950964923,532.0,0.6259,0.2425,0.1541,174.3
EG,"Egypt, Arab Rep.","Middle East, North Africa, Afghanistan & Pakistan",Lower middle income,3085.80712036204,118365995,74.64839935,24152832,23780096,0.9845676068131471,372736,10045,73,2.32,95,1.6566138214279924,1.7926836032341082,0,8.034568529466902,18.58929203477121,64.55429145469995,4.1557338129884505,1.5800850066931016,1267.0,0.5651,0.0474,0.015,191.8
IR,"Iran, Islamic Rep.","Middle East, North Africa, Afghanistan & Pakistan",Upper middle income,3924.38017821898,92417681,85.3404007,10831872,10100736,0.932501418037436,731136,8456,639,1.839,853,0.8172444247573356,0.8951715474098272,0,8.274963701369074,18.34182887112015,68.47502425897578,2.625764082504593,-0.0410375654598755,562.0,0.0658,0.0285,0.0231,235.4
CL,Chile,Latin America & Caribbean ,High income,17994.5911957485,19859921,95.590243,9778944,8539680,0.8732722060786932,1239264,4551,327,1.407,450,0.4475557778318286,0.4359539509727899,0,9.797826502597315,16.804214238728473,95.99740417499834,1.9302058813621663,-0.9354477930992692,438.0,0.6689,0.363,0.2032,210.2
PT,Portugal,Europe & Central Asia,High income,32081.8106150292,10804871,88.48704454,6691872,6649600,0.9936830829997944,42272,891,130,1.285,163,-0.0083534997201919,0.0999441678923389,0,10.376044501005856,16.195507608934687,107.66229948685384,5.058187053124935,2.2853668703779126,407.0,0.5749,0.2752,0.2555,164.4
PE,Peru,Latin America & Caribbean ,Upper middle income,9684.41170314988,34576665,81.95705992,3250176,3170304,0.9754253308128544,79872,3270,122,1.779,264,-0.4738568430913261,-0.3656630166310126,0,9.178272830903737,17.358689590537836,84.2406921585057,3.6811574080200256,0.8125279576777351,169.0,0.1243,0.0769,0.0533,207.8
FI,Finland,Europe & Central Asia,High income,56148.580949046,5646436,93.72405196,13925696,12728832,0.9140535596928152,1196864,1536,310,1.007,365,0.7103095891463838,0.7256357291124207,0,10.935756687345828,15.546535107626655,119.590774324829,2.364164853848266,-0.2341225563638485,728.0,0.7225,0.1882,0.1085,181.2
KZ,Kazakhstan,Europe & Central Asia,Upper middle income,14692.1331757237,20843754,93.39167254,3352320,3123456,0.931729667812142,228864,6767,193,2.099,257,-0.4305359727471085,-0.3753833029391344,0,9.595067471404581,16.8525648929842,92.0653197808063,2.613567419401819,-0.2751102585425871,149.0,0.9128,0.3758,0.3423,255.9
NG,Nigeria,Sub-Saharan Africa ,Lower middle income,1224.25410237743,237527782,41.21139908,3208192,2397696,0.7473667411426748,810496,3028,244,1.349,300,0.0379704457966152,-0.0889482535656451,0,7.110087041507938,19.285795151439817,50.5533377378191,1.0846171493025296,-1.0091451434698615,155.0,0.471,0.129,0.0645,244.1
DZ,Algeria,"Middle East, North Africa, Afghanistan & Pakistan",Upper middle income,6051.00322704182,47435312,77.4178009,4767232,4756736,0.9977983030823756,10496,984,13,1.892,15,0.1509644309959377,0.2879766813151736,0,8.707979359929372,17.67487748820922,75.82890453295595,6.11632276552841,3.3092295770182028,262.0,0.2176,0.2061,0.2061,178.9
GR,Greece,Europe & Central Asia,High income,26948.0070432791,10413962,86.26968886,5721728,5640192,0.98574975951321,81536,1876,249,1.829,260,0.079257305842324,0.1806102457631695,0,10.201664623446076,16.158657963764195,104.07396108927117,4.236628745956216,1.409039947731904,281.0,0.7295,0.1423,0.1174,192.9
NZ,New Zealand,East Asia & Pacific,High income,49591.0405731713,5324700,93.51930237,6531072,4846336,0.7420429601756037,1684736,3106,463,1.104,719,0.1596148566424204,-0.0330319844443245,0,10.811565462791387,15.487866929944548,116.88994775622356,1.056614080553791,-1.6035203851424358,264.0,0.6856,0.197,0.0606,276.4
IQ,Iraq,"Middle East, North Africa, Afghanistan & Pakistan",Upper middle income,5409.67899716967,47020774,81.47450256,447040,382464,0.8555476020042949,64576,1287,158,1.339,204,-2.0739410814698207,-2.0899335307296187,0,8.595945034991345,17.66610006202111,73.89027104459237,1.7787917064590442,-1.0109491638195958,24.0,0.1667,0.125,0.125,231.1
HU,Hungary,Europe & Central Asia,High income,25907.4743259406,9514251,93.77898628,5926400,5762304,0.9723110151187904,164096,1735,331,1.166,301,0.2518574657091719,0.3390834574304158,0,10.162286790068423,16.068301337799998,103.27207280359916,3.5586410512931637,0.7135731801469096,318.0,0.7201,0.2421,0.1792,180.5
QA,Qatar,"Middle East, North Africa, Afghanistan & Pakistan",High income,72524.9066385222,2972215,98.08540344,847744,839168,0.9898837384870904,8576,333,19,1.328,30,-1.748990250755556,-1.6609830887431567,0,11.191685321688151,14.904818024060576,125.25382033969002,4.583443320472754,2.067758478794699,40.0,0.825,0.4,0.35,215.7
UA,Ukraine,Europe & Central Asia,Upper middle income,5865.884765625,38980376,82.47489929,9090560,8203520,0.9024218529991552,887040,11256,1867,1.438,2015,1.030312041598993,1.0655611412153512,0,8.676908604889105,17.47856889796946,75.2887429375986,2.224428532314324,-0.5930722496594143,438.0,0.5731,0.226,0.1644,178.0
MA,Morocco,"Middle East, North Africa, Afghanistan & Pakistan",Lower middle income,4672.46826171875,38430770,91.2,12274176,12256256,0.9985400241938848,17920,2442,32,2.51,38,1.6151801247873845,1.753303546410926,0,8.449442746737093,17.464368998770173,71.39308273038807,6.527874371943889,3.751542288127681,646.0,0.6331,0.1316,0.1192,181.0
KW,Kuwait,"Middle East, North Africa, Afghanistan & Pakistan",High income,32312.3119953634,4865298,100.0,1907456,1684480,0.8831029392027916,222976,2190,82,2.395,84,-0.4715224320890261,-0.4875012848799738,0,10.383203612908547,15.397638525580362,107.8109172671171,2.0221480474668603,-0.8095428690170192,94.0,0.3191,0.1064,0.0532,198.9
SK,Slovak Republic,Europe & Central Asia,High income,28543.6653439813,5413813,89.82507032,2686720,2627840,0.9780848022868032,58880,861,202,1.343,229,-0.0887452546210081,-0.0007666808949871,0,10.259190311095105,15.504464208478591,105.25098583926768,3.798416020529835,0.936853016260632,129.0,0.6124,0.2481,0.1395,175.3
UZ,Uzbekistan,Europe & Central Asia,Lower middle income,3968.2720079072,37053428,89.50550079,333056,294912,0.8854727132974635,38144,510,69,1.202,126,-1.7609835435510917,-1.7420448277283214,0,8.286086016435132,17.42787142904306,68.65922147176182,2.0453085353103773,-0.6945281444971818,20.0,0.8,0.15,0.1,146.9
KE,Kenya,Sub-Saharan Africa ,Lower middle income,2362.86091198611,57532493,34.97622513,6244352,4579072,0.7333142013775008,1665280,2606,227,1.73,261,1.344946214063583,1.1828227886021612,0,7.767628414678459,17.86786044181333,60.33605118852019,1.01150308004664,-1.5203458193127035,236.0,0.822,0.089,0.0551,317.6
BG,Bulgaria,Europe & Central Asia,High income,20328.1667065538,6433302,82.438955,4341312,4099328,0.9442601683546356,241984,8174,952,1.453,740,0.6214511847703772,0.6782315319620569,0,9.919762725800386,15.676998494728823,98.4016925361787,2.829706728551433,-0.1007643102045099,217.0,0.7189,0.4009,0.2719,177.1
EC,Ecuador,Latin America & Caribbean ,Upper middle income,7125.27618527738,18289896,77.17273115,2725120,2279168,0.8363550962893377,445952,3313,187,2.109,285,0.3535853812950531,0.3053673501131992,0,8.87140376723154,16.721859334183577,78.70180480124995,1.631354420161223,-1.268807254985769,105.0,0.4381,0.219,0.1619,192.9
PR,Puerto Rico (US),Latin America & Caribbean ,High income,40620.1526923687,3184835,87.29178106,770048,731648,0.9501329787234044,38400,950,118,1.46,119,-1.225455687818883,-1.173374306232935,0,10.612019594171345,14.973911040308938,112.61495986707656,2.9472420643935604,0.1646023145073707,45.0,0.4222,0.2,0.1333,177.3
DO,Dominican Republic,Latin America & Caribbean ,Upper middle income,11059.2081531834,11520487,91.0022446,1620992,1617920,0.998104864181933,3072,1439,73,2.025,234,-0.224680682495407,-0.1031382285825728,0,9.311018676960204,16.259637486644042,86.69506880270175,6.266567837352885,3.3143489778547117,93.0,0.4301,0.043,0.0215,181.7
ET,Ethiopia,Sub-Saharan Africa ,Low income,932.729352775179,135472051,21.94129944,370176,368640,0.995850622406639,1536,536,7,3.463,10,-1.2349087284842692,-1.0770603688157134,0,6.838115075994758,18.72427591132568,46.7598177925468,5.480638923341995,3.515467664320422,19.0,0.0,0.0,0.0,235.8
GT,Guatemala,Latin America & Caribbean ,Upper middle income,6598.18032988711,18687881,60.22140121,653056,573696,0.8784790278322226,79360,933,65,1.586,102,-1.0052682461490523,-1.0035799007532162,0,8.794549182407328,16.743385796867212,77.34409532178141,1.978105176321735,-0.9119394170621168,28.0,0.2857,0.1429,0.0357,166.1
AO,Angola,Sub-Saharan Africa ,Lower middle income,3129.47662331063,39040039,40.70479965,1289984,1271552,0.9857114506846596,18432,652,66,1.547,78,-0.1770601106839837,-0.0486193774043126,0,8.048621056552747,17.480098318484078,64.78030091198426,4.233905196091291,1.5685319839172642,62.0,0.5323,0.0806,0.0806,220.7
GH,Ghana,Sub-Saharan Africa ,Lower middle income,3257.1588903576,35064272,72.17569733,2203648,1509376,0.6849442379182156,694272,841,103,1.555,120,0.4186478371457944,0.1819100231002153,0,8.088610588353314,17.37269327829459,65.42562125002134,0.7765877848088861,-1.9099938265796053,75.0,0.44,0.1333,0.0267,255.4
OM,Oman,"Middle East, North Africa, Afghanistan & Pakistan",High income,19947.3966227092,5494691,95.25174678,951872,828672,0.8705708330531836,123200,954,15,2.212,26,-0.7153571450877649,-0.7409161998464278,0,9.900853918700488,15.519292911299692,98.0269083194468,1.9060153683242504,-1.0401757694956897,38.0,0.6053,0.4211,0.2895,219.8
CU,Cuba,Latin America & Caribbean ,Upper middle income,9605.27914559614,10937203,70.47699738,257024,256256,0.9970119521912352,768,70,3,1.429,7,-1.8466482752498583,-1.725509181824183,0,9.17006813730988,16.20768065499361,84.09014964290589,5.8101424906471495,2.853366079969844,12.0,1.0,0.0833,0.0833,229.1
HR,Croatia,Europe & Central Asia,High income,27103.9116109268,3876200,83.63240029,2354432,2323456,0.9868435359356312,30976,875,169,1.184,176,0.1759350802948596,0.2706176073375221,0,10.207433336338392,15.170365850248784,104.19169531579232,4.317598300302995,1.4158034098809078,125.0,0.64,0.168,0.088,135.3
CR,Costa Rica,Latin America & Caribbean ,High income,19970.0989059622,5152950,87.17019653,2334976,2235648,0.9574608047363228,99328,3693,83,2.152,125,0.2450389988796555,0.3141042019231026,0,9.901991379124796,15.455079924177705,98.04943327226178,3.11385889279046,0.1629588281564533,134.0,0.194,0.1119,0.0896,189.3
LU,Luxembourg,Europe & Central Asia,High income,147252.179121515,686970,99.12902211,1858560,1362944,0.7333333333333333,495616,1577,134,1.123,132,-0.3362474870050196,-0.5652120580594158,1,11.89990190019221,13.440045902128736,141.60766523419818,1.0116009116784797,-0.6354316928919854,69.0,0.5797,0.1449,0.087,160.2
RS,Serbia,Europe & Central Asia,Upper middle income,15262.0464193413,6549143,87.69071294,2312704,2242816,0.9697808279831748,69888,1449,239,1.262,199,0.3144797779210453,0.400302772855488,0,9.633124399342876,15.694844759356519,92.79708569321504,3.4685935374814076,0.4952740668587876,118.0,0.7712,0.1102,0.0678,177.9
CI,Cote d'Ivoire,Sub-Saharan Africa ,Lower middle income,3050.10202257321,32711547,41.43219902,1718528,1305088,0.7594220169819753,413440,1346,38,1.645,31,0.3177483479301219,0.1841992289052285,0,8.02293031906602,17.303238692801603,64.3674109045888,1.149513349279304,-1.5208524068636566,76.0,0.5658,0.0658,0.0658,248.7
VE,"Venezuela, RB",Latin America & Caribbean ,Lower middle income,3494.8138870244,28516896,76.67890167,6703104,5815040,0.867514512679499,888064,2460,127,1.151,294,1.6547570026398972,1.652147438463679,0,8.159035402040974,17.166007311682684,66.56985869175791,1.8791591312237543,-0.8450273760267619,327.0,0.2263,0.0948,0.0887,177.1
LT,Lithuania,Europe & Central Asia,High income,32958.6706396386,2888774,89.16116293,4109312,3632128,0.8838773984550212,477184,4663,493,1.215,217,0.7954125885556298,0.7760762381641158,0,10.403009650674793,14.87634274862795,108.22260979203288,2.029671820647976,-0.8355168127782493,193.0,0.6528,0.4456,0.3834,180.5
BY,Belarus,Europe & Central Asia,Upper middle income,10279.2547190723,9085991,94.26182128,1793536,1707264,0.9518983728232944,86272,1144,105,1.495,115,0.2015626029005286,0.2744173027814227,0,9.23788303823632,16.022244334766107,85.33848302813432,2.985142272279946,0.0137262650042071,89.0,1.0,0.2247,0.1685,196.0
CD,"Congo, Dem. Rep.",Sub-Saharan Africa ,Low income,806.776000708534,112832473,19.67350006,182016,79104,0.4345991561181435,102912,287,50,1.126,57,-1.5889110436368463,-2.260535955317824,0,6.693046059366599,18.541414736804064,44.79686555280276,-0.2631108117212755,-2.1422685045415406,4.0,0.5,0.5,0.0,291.3
PA,Panama,Latin America & Caribbean ,High income,19789.7308555826,4571189,72.77149963,2187776,2102784,0.9611514158670724,84992,3268,114,2.337,151,0.3108923434994981,0.3829379223491376,1,9.892918438483038,15.335283904085431,97.86983523047768,3.208460325600018,0.7672010211168261,101.0,0.6238,0.3663,0.297,170.9
TZ,Tanzania,Sub-Saharan Africa ,Lower middle income,1318.81921386719,70545865,31.16209984,1100800,676352,0.6144186046511628,424448,1126,107,1.59,123,0.0978329778161235,-0.2350463143816235,0,7.18449208029617,18.071773623631167,51.616926451838395,0.4659241493870305,-1.7642848243488478,44.0,0.5455,0.3864,0.2045,366.4
UY,Uruguay,Latin America & Caribbean ,High income,25215.8238152781,3384688,91.99109007,2516736,2442240,0.9703997558742752,74496,883,29,2.468,53,0.4644557354946084,0.5418366226670255,1,10.135227005612181,15.034772288736308,102.72282645529046,3.4899254972708373,1.0791373581698505,149.0,0.745,0.3624,0.3423,238.8
MM,Myanmar,East Asia & Pacific,Lower middle income,1488.87527836542,54850648,45.4477005,245760,201216,0.81875,44544,812,126,1.636,168,-1.2932924519533664,-1.341984360198225,0,7.3057762671646405,17.820124558654015,53.37436686586611,1.5079014932146777,-0.8089395396975512,11.0,0.5455,0.1818,0.1818,239.7
SI,Slovenia,Europe & Central Asia,High income,37376.2216079138,2130986,90.76355487,2682880,2642688,0.9850190839694656,40192,881,313,1.418,305,0.5247847404462291,0.610429412996595,0,10.528789995320412,14.572095341373581,110.8554187655592,4.185883889117277,1.3410712754030674,134.0,0.7164,0.1343,0.0672,170.2
AZ,Azerbaijan,Europe & Central Asia,Upper middle income,7410.72281660142,10246996,90.80000181,772864,653824,0.8459754885723749,119040,1042,112,1.35,115,-0.3720179441680198,-0.4136392167473968,0,8.910683259632878,16.142495147423624,79.40027615350161,1.703378631005128,-1.244899930084613,35.0,0.5714,0.2286,0.1429,209.1
BO,Bolivia,Latin America & Caribbean ,Lower middle income,5147.81081955367,12581843,79.70469666,1170176,1151744,0.9842485232990592,18432,1082,53,1.81,70,0.269916938741721,0.384130665399395,0,8.546326819702333,16.34776530089088,73.0397021091634,4.134944309825112,1.2532128422374598,57.0,0.7895,0.0702,0.0351,227.4
UG,Uganda,Sub-Saharan Africa ,Low income,1206.30450825002,51384894,8.949831061,1426176,1156352,0.8108059594327769,269824,697,60,1.176,68,0.7807336161049854,0.7234216121380772,0,7.095316839818786,17.75485479618037,50.34352105741604,1.4552556065532969,-0.7471186340519647,59.0,0.8305,0.0508,0.0169,341.5
JO,Jordan,"Middle East, North Africa, Afghanistan & Pakistan",Upper middle income,5347.77731384797,11520684,95.62244985,647936,627456,0.968391939944686,20480,1842,74,1.75,56,-0.2780994584955341,-0.1811139167732509,0,8.584436298209045,16.259654586469395,73.69254655800901,3.4222247488542337,0.5266801721482337,29.0,0.4138,0.1379,0.1034,211.2
SD,Sudan,Sub-Saharan Africa ,Low income,1164.53991699219,51662147,18.60000038,1891072,803328,0.4248003248950859,1087744,542,10,2.668,13,1.0993622553714744,0.3959575281580818,0,7.060081366961205,17.760235904969683,49.84474890811279,-0.3030980068218338,-2.4838442259804374,42.0,0.5,0.1667,0.0,218.7
CM,Cameroon,Sub-Saharan Africa ,Lower middle income,1972.3815800786,29879337,46.25880051,601856,240128,0.3989791578051893,361728,581,22,1.533,33,-0.1224605319962925,-0.8969683326779077,0,7.586997015469718,17.212677729227696,57.56252371274641,-0.4097204336783027,-2.913409241308485,15.0,0.6,0.0,0.0,213.8
TN,Tunisia,"Middle East, North Africa, Afghanistan & Pakistan",Lower middle income,4656.63818386852,12348573,76.5,7876608,7789312,0.9889170566822671,87296,1204,29,2.387,29,2.314623196796971,2.434204258014642,0,8.446049047000523,16.329051067803537,71.33574450433844,4.491203173826675,1.628548407255459,392.0,0.2474,0.0944,0.0791,169.1
MO,"Macao SAR, China",East Asia & Pacific,High income,75901.7461294198,685900,89.82640076,339712,337152,0.9924642049736248,2560,135,14,2.456,15,-1.2464636432149678,-1.1676833900273316,0,11.2371949687768,13.438487123487413,126.27455076630262,4.88052660874924,2.277756415887931,22.0,0.8636,0.3182,0.2727,256.2
KH,Cambodia,East Asia & Pacific,Lower middle income,2872.42926639909,17847982,68.47530365,497152,421120,0.8470648815653965,76032,2153,106,2.61,142,-0.243436746523086,-0.2720396332970232,0,7.962913385015579,16.697401006577635,63.40798957726027,1.7117635243967726,-0.9843197538270124,16.0,0.5,0.25,0.125,311.5
ZW,Zimbabwe,Sub-Saharan Africa ,Lower middle income,3021.43019873632,16950795,41.64279938,105472,93184,0.883495145631068,12288,313,31,1.956,33,-1.802252632648706,-1.7895449071370653,0,8.013485574007818,16.645825293345705,64.21595104483141,2.0259528567288503,-0.6916301234598334,7.0,0.7143,0.2857,0.2857,196.6
TM,Turkmenistan,Europe & Central Asia,Upper middle income,6540.17876401136,7618847,17.99029922,22336,22272,0.997134670487106,64,27,6,1.218,9,-3.4700692318838477,-3.3486401668006938,0,8.78571977802437,15.846135603878004,77.18887201796859,5.852202479774476,2.89443006222682,2.0,1.0,0.0,0.0,232.7
PY,Paraguay,Latin America & Caribbean ,Upper middle income,7026.61906146401,7013078,81.57806793,1154560,1088256,0.9425720620842571,66304,891,79,1.64,121,0.4730534009349014,0.53700133955215,0,8.857460939030275,15.763287249658822,78.45461428644708,2.798081466659251,-0.1741762006249723,62.0,0.4839,0.129,0.129,244.0
BH,Bahrain,"Middle East, North Africa, Afghanistan & Pakistan",High income,30596.5794898885,1600366,100.0,414976,410368,0.9888957433682912,4608,1233,22,2.724,24,-0.8164673702426519,-0.7275754776373233,1,10.328643500316275,14.285742911050718,106.68087655662563,4.489260394713392,2.075559978185315,20.0,0.45,0.2,0.15,219.1
LV,Latvia,Europe & Central Asia,High income,26311.9730706362,1847785,92.70757011,1850368,1765632,0.9542058660763696,84736,1518,297,1.112,310,0.71354288350269,0.7690264701278959,1,10.177779364405167,14.42949818242417,103.58719279051164,3.0367234380542265,0.5906159910166937,86.0,0.5465,0.3605,0.3488,188.9
LY,Libya,"Middle East, North Africa, Afghanistan & Pakistan",Upper middle income,6448.82415074121,7458555,81.95449829,460032,444160,0.9654980523094046,15872,537,23,1.15,33,-0.4069210562735357,-0.3177904878557669,0,8.771653090960084,15.824872253685824,76.9418979481496,3.3316283073358677,0.3739889092486921,17.0,1.0,0.0588,0.0588,196.7
EE,Estonia,Europe & Central Asia,High income,34417.6320815138,1366475,92.23796204,1367592,1264384,0.9245330478680776,103208,881,225,1.049,234,0.3947576148899419,0.4141954635687401,0,10.446324272556343,14.127744989268892,109.1256908073998,2.505593956615214,-0.4024507233011785,60.0,0.6167,0.2333,0.15,190.6
NP,Nepal,South Asia,Lower middle income,1535.87781246307,29618118,46.32189941,583424,566272,0.9706011408512506,17152,1145,147,2.775,207,0.1525554655436085,0.2689354533871757,0,7.336857361365725,17.203896826635393,53.82947594102643,3.496959743251262,1.116270832777818,37.0,0.8649,0.1892,0.1351,255.5
CY,Cyprus,Europe & Central Asia,High income,41783.08984375,1370754,89.60099246,1364032,1243136,0.9113686482428563,120896,1635,233,1.721,176,0.1585220883883078,0.1621312760435564,1,10.640246987468164,14.130871511372561,113.21485595432532,2.330461826357714,0.0147839174787094,64.0,0.6094,0.3906,0.3594,215.6
HN,Honduras,Latin America & Caribbean ,Lower middle income,3598.21450440452,11005850,58.62269974,536064,520704,0.97134670487106,15360,831,94,1.379,120,0.0491940519376044,0.1519574633747993,0,8.188193030411158,16.213937507579292,67.04650510327386,3.5234150143863987,0.7176179061650743,25.0,0.44,0.2,0.16,152.3
IS,Iceland,Europe & Central Asia,High income,98323.4849517418,392404,98.209198,919296,852736,0.9275967697020328,66560,283,67,1.085,86,0.0016704292617344,0.0064687139999062,0,11.496018188605063,12.88004720030131,132.15843419273844,2.5503462071781504,0.0600266236197493,52.0,0.5385,0.3462,0.0577,200.6
GE,Georgia,Europe & Central Asia,Upper middle income,9691.53472415196,3935766,83.79855689,1308736,1274112,0.9735439385789036,34624,784,187,1.246,169,0.7957614715137034,0.8850123519790944,0,9.179008074609088,15.185616084167474,84.25418923373884,3.6054576611319646,0.5701742292233503,77.0,0.7922,0.3636,0.3636,255.3
SN,Senegal,Sub-Saharan Africa ,Lower middle income,1954.71174194867,18931966,60.11780167,407040,390656,0.959748427672956,16384,344,12,3.303,23,-0.045072137603892,0.0546810914379864,0,7.577998014974581,16.756362374105542,57.426053914958686,3.171522128484731,0.6369855094077042,13.0,0.6154,0.2308,0.2308,277.2
SV,El Salvador,Latin America & Caribbean ,Upper middle income,5766.72574029107,6365503,66.47769928,663808,601600,0.9062861550327804,62208,1105,51,1.565,55,0.2516347214213734,0.2771076604879248,0,8.659859735746402,15.666403812774277,74.99317064280173,2.2691091637976544,-0.6846946683455251,26.0,0.3462,0.1538,0.1154,209.7
BA,Bosnia and Herzegovina,Europe & Central Asia,Upper middle income,10381.8460703874,3140095,86.10091103,794880,786432,0.9893719806763284,8448,634,52,1.574,60,0.4419412139706526,0.5450155772131975,0,9.247813989691572,14.95976361220384,85.52206358793515,4.53357653280107,1.4807299785595238,45.0,0.6,0.3333,0.1333,182.7
PG,Papua New Guinea,East Asia & Pacific,Lower middle income,3019.5309140573,10762817,18.81159973,67072,59392,0.8854961832061069,7680,187,32,1.642,38,-1.7984897314623307,-1.7870694778020404,0,8.012856771833418,16.19160788140747,64.20587364591667,2.045539990004155,-0.7066613418084629,5.0,1.0,0.0,0.0,208.8
HT,Haiti,Latin America & Caribbean ,Lower middle income,2694.18969101404,11906095,47.8614006,154880,151296,0.9768595041322314,3584,252,6,2.183,13,-0.9273844864361144,-0.8160907089913323,0,7.898852766894605,16.292561011833804,62.39187503307856,3.742758687790841,1.03888291570397,6.0,0.6667,0.1667,0.0,177.2
AL,Albania,Europe & Central Asia,Upper middle income,12998.147869552,2349580,85.86389923,504896,487680,0.9659018887057929,17216,925,125,1.718,132,0.0119312286759534,0.0869756725757451,0,9.472562154720713,14.669747146743155,89.72943377504711,3.343820269078852,0.2771837878222958,25.0,0.48,0.28,0.28,243.9
ML,Mali,Sub-Saharan Africa ,Low income,1193.27601004701,25198821,36.80149841,92672,79360,0.856353591160221,13312,169,7,1.481,11,-1.2251811664252426,-1.233330334990944,0,7.084457753299402,17.04230776567288,50.18954165828401,1.7853285788977649,-0.4651868214728394,5.0,0.2,0.2,0.0,195.3
AM,Armenia,Europe & Central Asia,Upper middle income,9474.01849300368,3086700,81.33930206,666912,541440,0.8118612350654959,125472,963,164,1.296,150,0.3923759347977764,0.298288503859311,0,9.156308435456003,14.94261311703201,83.83798416520276,1.4621496308678823,-1.5913973374777282,26.0,0.7308,0.1923,0.1538,175.9
ZM,Zambia,Sub-Saharan Africa ,Lower middle income,1317.87771619597,21913874,17.10099983,1651968,1648640,0.9979854331318766,3328,337,28,1.524,24,1.6775566694547273,1.8205954018646864,0,7.183777930937175,16.902630510181925,51.606665361020006,6.205334461636839,3.885877320387568,90.0,0.1333,0.0778,0.0222,309.3
GN,Guinea,Sub-Saharan Africa ,Lower middle income,1877.2541220972,15099727,33.30469894,39168,33536,0.8562091503267973,5632,83,14,1.13,19,-2.1111556072419404,-2.127013738402992,0,7.537565414794442,16.53018722215152,56.81489238230531,1.7841548698428351,-0.7488218539042968,,,,,
MT,Malta,"Middle East, North Africa, Afghanistan & Pakistan",High income,47906.9000057635,579704,93.86029816,679040,641024,0.9440150801131008,38016,586,43,2.62,52,0.1618395116624391,0.1928420476704442,1,10.777014823249477,13.27027290742477,116.14404850053896,2.825059773977233,0.5002157911700071,43.0,0.5814,0.1395,0.1395,184.9
BF,Burkina Faso,Sub-Saharan Africa ,Low income,1147.57131635601,24074580,28.25270081,339200,280832,0.8279245283018868,58368,597,29,1.299,33,0.1645509888518397,0.1225877386430855,0,7.045403089333367,16.996667070013423,49.63770469118815,1.5709888313207894,-0.6593718973972007,16.0,0.375,0.25,0.1875,177.1
GY,Guyana,Latin America & Caribbean ,High income,32413.7930757518,835986,83.00080109,69888,67584,0.967032967032967,2304,87,6,1.625,8,-2.014882793792305,-1.9538790582671588,0,10.386339323405247,13.636367145515132,107.87604454091417,3.378724525810097,0.4129871655749939,4.0,1.0,0.5,0.0,197.1
LB,Lebanon,"Middle East, North Africa, Afghanistan & Pakistan",Lower middle income,4473.27134441128,5849421,80.63400269,569216,525824,0.9237688329210704,43392,1445,153,1.249,171,0.4846076754252841,0.5305057265533595,0,8.405875264327408,15.58185323995078,70.65873895943137,2.494691463667998,-0.4162546406918062,27.0,0.3333,0.1481,0.037,194.4
TT,Trinidad and Tobago,Latin America & Caribbean ,High income,18967.2704636681,1367764,82.15989685,544000,538368,0.9896470588235294,5632,381,16,1.567,17,0.1801733838410992,0.2723234343253544,0,9.850470165579395,14.128687847662391,97.03176248296975,4.560077722344386,1.4980734384953562,21.0,0.8095,0.1429,0.0,168.3
MN,Mongolia,East Asia & Pacific,Upper middle income,7108.22743246244,3568978,85.12349701,181504,167680,0.923836389280677,13824,409,56,1.027,75,-0.7131744215688247,-0.6746803610988543,0,8.869008185451241,15.087789838261648,78.65930619360111,2.4956511890709776,-0.5295817631668629,9.0,0.8889,0.2222,0.2222,349.1
BJ,Benin,Sub-Saharan Africa ,Lower middle income,1658.27312662991,14814460,33.98379898,150272,143616,0.9557069846678024,6656,184,18,1.627,20,-0.6000103982217251,-0.50511415363043,0,7.413532054715718,16.511114288781123,54.96045752629746,3.071624367501214,0.5980356907105304,6.0,1.0,0.5,0.3333,199.1
SY,Syrian Arab Republic,"Middle East, North Africa, Afghanistan & Pakistan",Low income,1056.78264718197,25620427,33.77000046,1282048,1142272,0.8909744408945687,139776,502,7,1.011,15,1.5297004955165523,1.5622605593258123,0,6.962984332919982,17.05890052096064,48.48315082048912,2.1007333992475727,-0.0735324527273872,65.0,0.2,0.0769,0.0154,200.0
JM,Jamaica,Latin America & Caribbean ,Upper middle income,8002.92104076242,2837077,90.10870361,224256,211968,0.9452054794520548,12288,392,20,1.283,15,-0.4123229569148794,-0.3536818955091281,0,8.987561884113504,14.858284854769161,80.77626862076987,2.847812143477369,-0.2049137350975423,14.0,0.4286,0.3571,0.2857,141.7
KG,Kyrgyz Republic,Europe & Central Asia,Lower middle income,3080.96893823359,7343064,92.0286026,296192,279040,0.9420916162489196,17152,441,44,1.794,68,0.0463947486891473,0.1166201345740027,0,8.032999416830037,15.809266752179505,64.52907963079173,2.7892403558322227,0.0009269697677907,15.0,0.8,0.4,0.2667,302.8
NI,Nicaragua,Latin America & Caribbean ,Lower middle income,3173.33724815085,7007502,61.39550018,411136,348160,0.8468244084682441,62976,390,21,1.497,34,0.3861277224869877,0.3491475927271903,0,8.062539072777522,15.76249184742953,65.00453630006422,1.7099084427977354,-1.091746683449796,17.0,0.1765,0.1176,0.1176,199.8
NE,Niger,Sub-Saharan Africa ,Low income,775.353622143879,27917831,15.55760002,45056,38656,0.8579545454545454,6400,121,10,1.795,9,-1.5367010456009282,-1.5388194035303435,0,6.653319211923518,17.144776146594296,44.26665653575058,1.7984040119467233,-0.1594327090057843,2.0,1.0,0.0,0.0,291.0
YE,"Yemen, Rep.","Middle East, North Africa, Afghanistan & Pakistan",Low income,633.887202451545,41773878,17.49099922,233472,228864,0.9802631578947368,4608,150,6,1.027,6,-0.0564241677664583,0.0794518349688768,0,6.45187102449435,17.547781773916284,41.626639716709775,3.905334017277349,2.129341381845339,13.0,0.9231,0.0,0.0,253.1
TD,Chad,Sub-Saharan Africa ,Low income,1022.33559390754,21003705,12.62689972,25856,14336,0.5544554455445545,11520,67,10,1.982,18,-2.1352451263831274,-2.5783109636781845,0,6.929845086634639,16.860209408697436,48.02275292475425,0.2186892009648296,-1.9496409073634695,,,,,
GA,Gabon,Sub-Saharan Africa ,Upper middle income,8263.03321595,2593130,68.72090149,393728,347392,0.8823146944083224,46336,100,12,1.567,12,0.2027332759257856,0.1915678005490555,0,9.019547016534567,14.768376198242875,81.35222838347761,2.014534628569043,-1.0470803514682832,24.0,0.1667,0.125,0.0833,234.8
MD,Moldova,Europe & Central Asia,Upper middle income,8621.71721623786,2360527,77.3687973,1258496,1125120,0.8940195280716029,133376,955,133,1.689,205,1.4085262189208567,1.4094728066225102,0,9.062039556838092,14.674395457157669,82.12056092969833,2.1324727683659104,-0.938555270308424,65.0,0.8923,0.5077,0.4769,197.0
BW,Botswana,Sub-Saharan Africa ,Upper middle income,7778.1151090571,2562122,57.45950036,166144,162560,0.9784283513097072,3584,279,32,1.671,39,-0.5761207375918218,-0.483510105474993,0,8.95906931391926,14.756346379352685,80.26492297160972,3.81456766927743,0.7560426111543701,12.0,0.9167,0.4167,0.0,420.0
MG,Madagascar,Sub-Saharan Africa ,Low income,599.265294255357,32740678,18.67790031,579840,573696,0.9894039735099338,6144,424,6,2.476,11,1.1644695247310215,1.3081582126813878,0,6.395704395317311,17.30412883830616,40.90503471228117,4.536623643452985,2.7860578824097484,29.0,0.931,0.1379,0.0,321.2
MK,North Macedonia,Europe & Central Asia,Upper middle income,10489.9255355525,1820909,93.1,684544,651264,0.9513836948391924,33280,425,59,1.687,66,0.8268824370432792,0.8864585836368697,0,9.258170602752422,14.414846384918517,85.71372290966914,2.973958474004434,-0.120597327373447,34.0,0.7059,0.2353,0.0882,190.1
LA,Lao PDR,East Asia & Pacific,Lower middle income,2324.76353098791,7873046,65.59269714,98880,93440,0.9449838187702264,5440,329,33,1.833,42,-0.7858872620139081,-0.7098556715295512,0,7.751373605746965,15.87895558490325,60.0837927758707,2.8435404582120634,0.1658515015275266,7.0,0.7143,0.4286,0.1429,233.4
AF,Afghanistan,"Middle East, North Africa, Afghanistan & Pakistan",Low income,416.871146273728,43844111,16.09499931,178176,147968,0.8304597701149425,30208,564,64,1.171,74,0.1228848812705862,0.0965650796232218,0,6.032777172306266,17.59615096901786,36.39440041069959,1.5888892442067128,0.1670641509722916,6.0,0.5,0.1667,0.1667,268.4
TJ,Tajikistan,Europe & Central Asia,Lower middle income,1637.2542942547,10786734,55.79339981,85568,80640,0.9424083769633508,4928,265,34,1.559,41,-0.829665932767206,-0.7511660030336156,0,7.400775906940776,16.193827603741386,54.77148402475507,2.7950615780918397,0.3036441435856019,4.0,1.0,1.0,0.0,282.5
PS,West Bank and Gaza,"Middle East, North Africa, Afghanistan & Pakistan",Lower middle income,3171.10844621579,5413596,86.63765334,876032,809984,0.924605493863238,66048,879,70,1.57,67,1.4023482441669015,1.4512277337608772,0,8.061836473327826,15.504424125020021,64.99320732267884,2.5066327439659286,-0.3145833744639836,28.0,0.1786,0.1786,0.1429,158.5
RW,Rwanda,Sub-Saharan Africa ,Low income,1123.73874633225,14569341,31.70330048,283392,262400,0.925925925925926,20992,269,23,1.849,34,0.5136065228735713,0.5797485916900111,0,7.024416571348366,16.49442994722398,49.34242816783354,2.525728644308257,0.2697410944794347,14.0,0.3571,0.2143,0.0714,205.0
CG,"Congo, Rep.",Sub-Saharan Africa ,Lower middle income,2514.73393584747,6484437,47.25159836,141824,137728,0.9711191335740073,4096,112,14,1.433,15,-0.3238976812623928,-0.2227156690219374,0,7.829922286022067,15.684915556235373,61.30768300514504,3.5152698379220046,0.7911015424523655,11.0,0.1818,0.1818,0.0909,284.5
MU,Mauritius,Sub-Saharan Africa ,Upper middle income,12991.2935987166,1243741,73.30793533,3698944,3604736,0.974531109419337,94208,914,54,1.69,49,2.6421895772915143,2.7211540663661378,1,9.472034688903282,14.033634331247853,89.7194411477871,3.64449871174838,1.0495796468036045,213.0,0.4554,0.1455,0.1362,219.6
BS,"Bahamas, The",Latin America & Caribbean ,High income,39455.4466548546,403033,92.47270203,138240,130560,0.9444444444444444,7680,108,9,1.663,13,-0.8344799453671659,-0.8043543487829918,1,10.5829273815058,12.906773723432435,111.9983519622252,2.8332133440562157,0.4014058688878372,6.0,0.6667,0.0,0.0,168.4
,Namibia,Sub-Saharan Africa ,Lower middle income,4875.92558158247,3092816,64.87460327,484864,472832,0.9751847940865892,12032,366,17,1.577,21,0.8611054447459736,0.955509461980764,0,8.492065228298982,14.944592560728564,72.11517184168464,3.67117037848918,0.6925845814075902,,,,,
BN,Brunei Darussalam,East Asia & Pacific,High income,32234.6428368582,466330,96.29828801,216064,136960,0.6338862559241706,79104,263,7,1.682,10,-0.2939982562743584,-0.6598825718075823,0,10.380797017703756,13.05264881699113,107.7609467227672,0.548925469998261,-2.4633729011462413,10.0,0.9,0.3,0.2,273.8
MW,Malawi,Sub-Saharan Africa ,Low income,671.506847203876,22216120,18.96159935,556544,239360,0.4300827966881325,317184,420,27,1.643,36,1.3772409082664223,0.6838823494943469,0,6.509524212789749,16.916328709466608,42.373905476896006,-0.2815133523404554,-2.150289141723835,7.0,0.7143,0.2857,0.1429,210.2
SO,"Somalia, Fed. Rep.",Sub-Saharan Africa ,Low income,661.173877723116,19654739,27.94020081,51968,42496,0.8177339901477833,9472,169,19,1.145,24,-0.852547477568832,-0.9041844814441388,0,6.4940168577906245,16.793829037686077,42.17225494926882,1.5010698757123189,-0.3652598198841985,4.0,0.5,0.0,0.0,264.1
SS,South Sudan,Sub-Saharan Africa ,Low income,1080.14718624765,12188788,6.671000004,26368,22272,0.8446601941747572,4096,91,20,1.667,23,-1.635065558143129,-1.6618710671542694,0,6.984852594395143,16.316027070755567,48.78816576542856,1.693319396414802,-0.5517174112826302,,,,,
TG,Togo,Sub-Saharan Africa ,Lower middle income,1383.89974929887,8591626,39.48320007,354816,340224,0.9588744588744588,14592,111,9,1.567,11,1.0207089998572698,1.1160603515137382,0,7.2326606980763435,15.966298565919315,52.31138077349818,3.1491307908786923,0.7302258474335606,17.0,0.4706,0.2353,0.0,155.9
MR,Mauritania,Sub-Saharan Africa ,Lower middle income,2197.51046251309,5315065,45.77939987,50688,48640,0.9595959595959596,2048,118,9,1.684,10,-0.9930188096042905,-0.904278693536762,0,7.695080390646105,15.486055799222445,59.21426221850621,3.167582530480649,0.4834734662188311,1.0,1.0,0.0,0.0,145.1
MC,Monaco,Europe & Central Asia,High income,288001.574856495,38341,99.04489899,65792,62464,0.9494163424124512,3328,22,6,1.0,4,-1.5794734889170172,-1.5780048200363144,0,12.57072122735485,10.554275098679943,158.02303217586984,2.932218867831662,1.1091188952055917,6.0,0.8333,0.5,0.5,252.9
ME,Montenegro,Europe & Central Asia,Upper middle income,14816.8380299947,623129,88.88258428,196352,191488,0.9752281616688396,4864,110,29,1.091,30,0.2433886665892917,0.3166343450331634,0,9.603519517786005,13.34250883893541,92.22758712849674,3.672963998808037,0.5159985050864724,8.0,0.125,0.125,0.125,273.8
BM,Bermuda,North America,High income,142250.433195123,64555,98.37,108800,89088,0.8188235294117647,19712,160,18,1.451,22,-0.7607566739468492,-0.8976904055919785,1,11.865344397292363,11.075272852608819,140.78639766635726,1.5083970579207908,-0.3457101632412684,3.0,0.6667,0.0,0.0,132.2
LI,Liechtenstein,Europe & Central Asia,High income,220167.225473557,41024,98.2641983,104704,97280,0.9290953545232272,7424,62,31,1.029,29,-0.8634651295293754,-0.8810093469301901,0,12.302142652381697,10.621912540280341,151.34271383954896,2.572875422733955,0.5133055894216962,3.0,0.6667,0.6667,0.0,111.7
NC,New Caledonia,East Asia & Pacific,High income,29213.1923192946,295333,82.0058408035186,161536,152832,0.9461172741679872,8704,77,21,1.039,19,-0.0095880967304164,0.0222170169670157,0,10.28237567798587,12.5958588122503,105.72724958323538,2.865556588776438,-0.2122667698462419,7.0,0.8571,0.1429,0.1429,383.9
BB,Barbados,Latin America & Caribbean ,High income,28364.8181499736,282623,70.36470032,168704,133632,0.7921092564491654,35072,405,16,1.203,10,0.1129906692762698,-0.0329859265589096,1,10.252904858669206,12.551869133040416,105.1220580409226,1.3376866620545138,-1.2315786368450647,10.0,0.3,0.0,0.0,149.1
KY,Cayman Islands,Latin America & Caribbean ,High income,104292.900672109,75844,81.0676932508161,91136,54016,0.5926966292134831,37120,71,11,1.038,18,-0.7306823235933564,-1.187120959655795,1,11.554958572249507,11.236433878154095,133.51706760640238,0.3751243910554919,-1.6827180103005763,,,,,
MV,Maldives,South Asia,Upper middle income,14614.7208116541,529676,85.23999786,93952,88064,0.9373297002724796,5888,238,13,1.692,19,-0.314394816599,-0.2819500666096193,0,9.589784574499669,13.180020777840868,91.9639681853118,2.70514744144425,-0.4657052711510832,3.0,1.0,0.3333,0.0,241.5
IM,Isle of Man,Europe & Central Asia,High income,90015.2074234398,84118,,134656,118016,0.876425855513308,16640,198,28,1.688,27,-0.2692024580925007,-0.3325135873128246,1,11.4077339064099,11.339975853975268,130.1363928794541,1.9590107731010111,-0.1839498802070576,8.0,0.625,0.5,0.5,145.0
SL,Sierra Leone,Sub-Saharan Africa ,Low income,846.296172499617,8819794,25.10499954,85760,69376,0.808955223880597,16384,76,16,1.557,22,0.1588990969966008,0.0882729618389195,0,6.740869384037471,15.992509071701148,45.43932005265371,1.443235737520029,-0.6650168483618042,4.0,0.75,0.25,0.0,182.9
GU,Guam,East Asia & Pacific,High income,41833.1517132825,168999,80.5054655600831,218624,217856,0.9964871194379392,768,93,10,1.772,10,0.4262817780738341,0.5027887157301745,0,10.641444407361282,12.03764807672794,113.24033907496072,5.647799839905295,2.6515411577647185,10.0,0.9,0.5,0.1,294.2
PF,French Polynesia,East Asia & Pacific,High income,22439.8838746025,282465,72.7038953132942,75520,73472,0.9728813559322034,2048,249,5,1.784,6,-0.4117010944245667,-0.3502925949653264,0,10.018595184694655,12.551309928087852,100.37224947478694,3.5800406740797848,0.4304578029716679,3.0,0.3333,0.3333,0.3333,258.9
FJ,Fiji,East Asia & Pacific,Upper middle income,6642.00449450523,933154,74.7052002,143616,139776,0.9732620320855616,3840,158,15,1.476,21,0.4791493270419167,0.5597922654550089,0,8.801169078615962,13.746325525158376,77.46057715038573,3.5945687746426995,0.47389735210196,8.0,0.5,0.125,0.0,294.0
LR,Liberia,Sub-Saharan Africa ,Low income,915.328972645548,5731206,32.23360062,40192,34304,0.8535031847133758,5888,88,14,1.53,18,-0.2597127559072429,-0.2807180888484399,0,6.8192835336049935,15.561436537749154,46.50262791169621,1.762345584021762,-0.4327183364046052,2.0,0.0,0.0,0.0,225.6
SZ,Eswatini,Sub-Saharan Africa ,Lower middle income,4108.25221093363,1256174,63.40309906,55040,53760,0.9767441860465116,1280,113,12,1.562,13,-0.2071435839046671,-0.1168575805532743,0,8.320752964230458,14.043581151447038,69.23492989174996,3.737669618283366,0.7293413604978487,1.0,0.0,0.0,0.0,165.0
VI,Virgin Islands (U.S.),Latin America & Caribbean ,High income,44320.909185774,103792,64.3774942980087,130304,129024,0.9901768172888016,1280,91,7,1.933,12,0.3292265815729731,0.395115259234073,0,10.699211835330203,11.550144175452836,114.4731338972699,4.613138355637269,1.6028783560700886,3.0,0.3333,0.0,0.0,157.8
DJ,Djibouti,"Middle East, North Africa, Afghanistan & Pakistan",Lower middle income,3905.604954681,1184076,65.29889679,47360,43776,0.9243243243243244,3584,68,3,1.029,4,-0.2380014912662353,-0.2029454817191904,0,8.270167968247323,13.984473281555239,68.39567822302405,2.5026062268874028,-0.4970618605391785,3.0,0.6667,0.0,0.0,290.6
SR,Suriname,Latin America & Caribbean ,Upper middle income,7069.87230892274,639850,87.4,81664,81408,0.9968652037617556,256,419,5,5.198,7,0.2189816599593594,0.3201470677106819,0,8.863597697754779,13.368989052865741,78.56336414764381,5.762051382780207,2.60555603638229,3.0,0.3333,0.3333,0.3333,187.1
AD,Andorra,Europe & Central Asia,High income,54291.5026031052,82904,94.39759827,62720,62208,0.9918367346938776,512,63,2,1.387,4,-0.4177027861575144,-0.3534795666418056,0,10.902123003862318,11.325438590864053,118.85628599134394,4.799914262780605,1.8619701316611352,2.0,0.0,0.0,0.0,184.7
AW,Aruba,Latin America & Caribbean ,High income,38590.5650288641,108785,97.17,111872,73216,0.6544622425629291,38656,127,3,1.007,4,0.2941315874173345,-0.0526023287491952,0,10.560763096271172,11.597128736252303,111.52971717556308,0.6387119740049283,-2.4224216227682733,1.0,1.0,1.0,1.0,110.3
BT,Bhutan,South Asia,Lower middle income,4492.78400306618,796682,91.27739716,50944,48640,0.9547738693467336,2304,86,25,1.532,42,0.0660262978166592,0.1293007588569725,0,8.410227833814002,13.58821088191629,70.73193221665976,3.049799494824265,-0.0150288095668829,1.0,0.0,0.0,0.0,233.2
CW,Curacao,Latin America & Caribbean ,High income,22832.895498987,156263,68.1272162511339,199680,176384,0.8833333333333333,23296,319,23,2.028,38,1.1339201108283683,1.0940006195994876,1,10.035957560171513,11.95929576413772,100.72044414956372,2.024381764496808,-0.6461666397900099,6.0,0.6667,0.0,0.0,233.9
BI,Burundi,Sub-Saharan Africa ,Low income,233.823013385395,14390003,8.595999718,36608,27904,0.7622377622377622,8704,97,6,2.404,9,0.345360269964976,0.2291081837121424,0,5.454564476124552,16.482044287341637,29.752273624199905,1.164987357612982,0.2220520675721929,3.0,1.0,0.3333,0.0,378.4
BZ,Belize,Latin America & Caribbean ,Upper middle income,7865.47937690933,422924,80.00582262,148992,124928,0.8384879725085911,24064,166,49,1.666,30,1.108897344280507,1.0329757585727857,0,8.970238764290949,12.954947772855268,80.465183488388,1.6470206235831435,-1.5504646289779709,8.0,0.5,0.375,0.375,142.6
CF,Central African Republic,Sub-Saharan Africa ,Low income,556.131398031455,5513282,13.78250027,5632,3072,0.5454545454545454,2560,10,1,1.667,4,-1.5937806359365574,-2.0589345946355753,0,6.321004593724366,15.522670648086574,39.95509907388454,0.1823215567939544,-1.644820088553227,,,,,
CV,Cabo Verde,Sub-Saharan Africa ,Upper middle income,5796.47207860911,527326,74.73519897,38144,37376,0.9798657718120806,768,44,7,1.863,11,-0.1121761327198793,-0.0281761413554377,0,8.665004749159168,13.175574232097397,75.08230730295094,3.884994333040228,0.739366163577253,1.0,0.0,0.0,0.0,237.4
LC,St. Lucia,Latin America & Caribbean ,Upper middle income,14745.8184305461,180149,68.20500183,22016,20224,0.9186046511627908,1792,45,6,1.063,7,-0.6940356189408927,-0.6902799787852452,0,9.59871482534115,12.101539565231052,92.13532629822396,2.42353770341171,-0.8290977858077659,2.0,0.5,0.0,0.0,181.8
GM,"Gambia, The",Sub-Saharan Africa ,Low income,919.060423427951,2822093,49.49430084,274944,271616,0.9878957169459964,3328,106,9,1.308,12,2.3691019692863424,2.48874845294835,0,6.823351869299805,14.852989366202696,46.55813073227715,4.402017781152459,2.1498840292819525,19.0,0.3158,0.0526,0.0,208.5
LS,Lesotho,Sub-Saharan Africa ,Lower middle income,1088.96276223185,2363325,51.79660034,121344,120576,0.9936708860759492,768,65,7,1.467,11,1.5275327544916468,1.6502973157947096,0,6.9929809278872055,14.675580083740895,48.9017822577942,5.0562458053482855,2.680313411331604,7.0,0.7143,0.0,0.0,191.9
SC,Seychelles,Sub-Saharan Africa ,High income,19449.3836346926,122730,87.81800079,8991488,7806464,0.8682060188480483,1185024,16868,728,1.451,89,5.374209156856594,5.3163760297618925,0,9.875570658811434,11.717742099591554,97.52689583717728,1.8851890809005816,-1.3572198127183663,470.0,0.2681,0.2574,0.2553,201.5
AG,Antigua and Barbuda,Latin America & Caribbean ,High income,24819.2454680158,94209,72.73040009,250368,166912,0.6666666666666666,83456,369,29,1.474,18,1.7686582898221823,1.4427158539446283,0,10.11937465813598,11.453270997401939,102.40174347172469,0.6931471805599452,-2.5168307428844745,9.0,0.5556,0.2222,0.1111,184.0
SM,San Marino,Europe & Central Asia,High income,59871.3288101478,34109,97.35220337,40704,39936,0.981132075471698,768,120,14,1.224,13,-0.0753255346785071,-0.0296668989036241,0,10.999953018597894,10.437316558067081,120.99896641136093,3.9512437185814218,0.99248980823856,1.0,0.0,0.0,0.0,245.8
TL,Timor-Leste,East Asia & Pacific,Lower middle income,1340.9640193437,1418517,35.04199982,28928,23808,0.8230088495575221,5120,99,14,1.527,21,0.3584124755430338,0.2871202491830615,0,7.2011440517089635,14.16512251764989,51.856475653463384,1.5368672195992643,-1.002415960073607,,,,,
SX,Sint Maarten (Dutch part),Latin America & Caribbean ,High income,42978.1317407037,43923,,34304,33792,0.9850746268656716,512,54,3,1.341,4,-0.1060678133579866,-0.0518354304669248,1,10.668446701143399,10.690193379861592,113.81575501513748,4.1896547420264225,1.6214136601664944,3.0,0.6667,0.3333,0.3333,301.6
TC,Turks and Caicos Islands,Latin America & Caribbean ,High income,37506.7798431288,46855,,10496,9728,0.926829268292683,768,26,3,1.158,2,-1.1933169319926318,-1.1984652912151592,0,10.532276991433676,10.754813005557924,110.9288586242832,2.5389738710582765,-0.5972958167597411,1.0,0.0,0.0,0.0,155.0
GD,Grenada,Latin America & Caribbean ,Upper middle income,12106.8790105068,117303,70.16159821,11264,10496,0.9318181818181818,768,27,6,1.049,11,-0.6994036000843966,-0.6831863925001489,0,9.401529083307414,11.67251560976209,88.38874910427515,2.6149597780361975,-0.685723107851735,,,,,
VU,Vanuatu,East Asia & Pacific,Lower middle income,4038.73520713411,335169,22.35140038,16384,15360,0.9375,1024,61,15,1.5,13,-0.0731270854492596,-0.0340557527216578,1,8.303686854398261,12.722390161213093,68.95121537590649,2.70805020110221,0.1233106889282908,2.0,1.0,1.0,1.0,406.7
WS,Samoa,East Asia & Pacific,Upper middle income,5872.78333308796,219306,21.20000076,19968,19712,0.9871794871794872,256,56,8,1.506,10,0.1052444915972898,0.1897126140903733,0,8.678083962808612,12.29822329381283,75.30914126555604,4.343805421853688,1.1288641991456425,,,,,
VC,St. Vincent and the Grenadines,Latin America & Caribbean ,Upper middle income,12561.769166789,99924,76.19010162,10496,8960,0.8536585365853658,1536,18,2,1.0,6,-0.6529890947914279,-0.7259207813669644,0,9.438413287331166,11.512165176023819,89.0836453824695,1.7635885922613586,-1.54738611907954,1.0,1.0,1.0,1.0,1836.4
KN,St. Kitts and Nevis,Latin America & Caribbean ,High income,25223.0257622185,46922,76.88400269,23040,21760,0.9444444444444444,1280,17,8,1.0,9,0.0630726716753127,0.0798561424247434,0,10.1355125770338,10.756241927604911,102.72861519921037,2.8332133440562157,-0.4261399395182712,,,,,
DM,Dominica,Latin America & Caribbean ,Upper middle income,10989.0431185083,65871,82.04689789,10496,10240,0.975609756097561,256,30,8,1.3,8,-0.0759390688660275,-0.0175577841146292,0,9.304653975227405,11.095453562937447,86.57658559871514,3.6888794541139354,0.340494302164648,1.0,0.0,0.0,0.0,11.1
TO,Tonga,East Asia & Pacific,Upper middle income,6547.18646814228,103742,67.4417038,11520,9472,0.8222222222222222,2048,24,4,1.027,5,0.1769867219568031,0.0719079323888269,0,8.786790689499115,11.549662326686201,77.20769062106834,1.5314763709643884,-1.755907194515187,,,,,
MF,St. Martin (French part),Latin America & Caribbean ,High income,21668.3776525323,24941,,3584,2560,0.7142857142857143,1024,11,4,1.4,6,-0.9831020763167472,-1.2493940486862822,0,9.983609225670225,10.12426831466115,99.67245317088764,0.9162907318741552,-2.42701194794747,,,,,
MH,Marshall Islands,East Asia & Pacific,Upper middle income,8489.05793506422,36282,65.915802,31232,16896,0.5409836065573771,14336,55,4,1.0,10,1.9196222646465788,1.3856748875617877,0,9.046533311436582,10.499077029501269,81.83976495493172,0.1643030512912765,-3.2261668777895505,,,,,
